article,color,brand,category,title,fetures,reference ,eqipment,dodatkovo,size,raiteng,images,video,price
FL-FC086b,Синий,Fei Lun,Игрушка,Багги микро р/у 2.4GHz 1:32 Fei Lun High Speed скоростная (синий),"Пропорциональное управление скоростью;
Высокая скорость;
Радиоуправление 2.4GHz;
Мобильное з/у в комплекте.Пропорциональное управление скоростью;
Высокая скорость;
Радиоуправление 2.4GHz;
Мобильное з/у в комплекте.Пропорциональное управление скоростью;
Высокая скорость;
Радиоуправление 2.4GHz;
Мобильное з/у в комплекте.","Рекомендуемый возраст: 5+
Масштаб: 1/32
Время работы: 10-15 мин
Время зарядки: 30 мин
Радиус действия: 30 м
Скорость: 25 км/ч
Питание: LiPol аккумулятор
Питание пульта: Батарейка ""крона"" 9В 1шт.
Управление поворотами: дискретное
Управление скоростью: пропорциональное
Частота: 2,4 ГГц
Размеры: 110х70х40 ммРекомендуемый возраст: 5+
Масштаб: 1/32
Время работы: 10-15 мин
Время зарядки: 30 мин
Радиус действия: 30 м
Скорость: 25 км/ч
Питание: LiPol аккумулятор
Питание пульта: Батарейка ""крона"" 9В 1шт.
Управление поворотами: дискретное
Управление скоростью: пропорциональное
Частота: 2,4 ГГц
Размеры: 110х70х40 ммРекомендуемый возраст: 5+
Масштаб: 1/32
Время работы: 10-15 мин
Время зарядки: 30 мин
Радиус действия: 30 м
Скорость: 25 км/ч
Питание: LiPol аккумулятор
Питание пульта: Батарейка ""крона"" 9В 1шт.
Управление поворотами: дискретное
Управление скоростью: пропорциональное
Частота: 2,4 ГГц
Размеры: 110х70х40 мм","Скоростная багги;
Пульт управления 2.4GHz;
Переносное з/у от батареек;
Зарядное устройство от USB;
Батарейка для пульта управления;
Инструкция;
Защита от переворотов;
Трамплин для прыжков.Скоростная багги;
Пульт управления 2.4GHz;
Переносное з/у от батареек;
Зарядное устройство от USB;
Батарейка для пульта управления;
Инструкция;
Защита от переворотов;
Трамплин для прыжков.Скоростная багги;
Пульт управления 2.4GHz;
Переносное з/у от батареек;
Зарядное устройство от USB;
Батарейка для пульта управления;
Инструкция;
Защита от переворотов;
Трамплин для прыжков.",,"Размеры упаковки: 17,5x16x16 см
Вес с упаковкой: 0,43 кг
Количество в коробке: 36 шт.
Объём коробки: 0,191 метры куб.Размеры упаковки: 17,5x16x16 см
Вес с упаковкой: 0,43 кг
Количество в коробке: 36 шт.
Объём коробки: 0,191 метры куб.Размеры упаковки: 17,5x16x16 см
Вес с упаковкой: 0,43 кг
Количество в коробке: 36 шт.
Объём коробки: 0,191 метры куб.",,FL-FC086b_*.jpg,"https://www.youtube.com/watch?v=swI1iJiHVx4
https://www.youtube.com/watch?v=4Yz1zV-isH3https://www.youtube.com/watch?v=swI1iJiHVx4
https://www.youtube.com/watch?v=4Yz1zV-isH3https://www.youtube.com/watch?v=swI1iJiHVx4
https://www.youtube.com/watch?v=4Yz1zV-isH3",100
FL-FC086g,Зеленый,Fei Lun,Игрушка,Багги микро р/у 2.4GHz 1:32 Fei Lun High Speed скоростная (зеленый),"Пропорциональное управление скоростью;
Высокая скорость;
Радиоуправление 2.4GHz;
Мобильное з/у в комплекте.Пропорциональное управление скоростью;
Высокая скорость;
Радиоуправление 2.4GHz;
Мобильное з/у в комплекте.Пропорциональное управление скоростью;
Высокая скорость;
Радиоуправление 2.4GHz;
Мобильное з/у в комплекте.","Рекомендуемый возраст: 5+
Масштаб: 1/32
Время работы: 10-15 мин
Время зарядки: 30 мин
Радиус действия: 30 м
Скорость: 25 км/ч
Питание: LiPol аккумулятор
Питание пульта: Батарейка ""крона"" 9В 1шт.
Управление поворотами: дискретное
Управление скоростью: пропорциональное
Частота: 2,4 ГГц
Размеры: 110х70х40 ммРекомендуемый возраст: 5+
Масштаб: 1/32
Время работы: 10-15 мин
Время зарядки: 30 мин
Радиус действия: 30 м
Скорость: 25 км/ч
Питание: LiPol аккумулятор
Питание пульта: Батарейка ""крона"" 9В 1шт.
Управление поворотами: дискретное
Управление скоростью: пропорциональное
Частота: 2,4 ГГц
Размеры: 110х70х40 ммРекомендуемый возраст: 5+
Масштаб: 1/32
Время работы: 10-15 мин
Время зарядки: 30 мин
Радиус действия: 30 м
Скорость: 25 км/ч
Питание: LiPol аккумулятор
Питание пульта: Батарейка ""крона"" 9В 1шт.
Управление поворотами: дискретное
Управление скоростью: пропорциональное
Частота: 2,4 ГГц
Размеры: 110х70х40 мм","Скоростная багги;
Пульт управления 2.4GHz;
Переносное з/у от батареек;
Зарядное устройство от USB;
Батарейка для пульта управления;
Инструкция;
Защита от переворотов;
Трамплин для прыжков.Скоростная багги;
Пульт управления 2.4GHz;
Переносное з/у от батареек;
Зарядное устройство от USB;
Батарейка для пульта управления;
Инструкция;
Защита от переворотов;
Трамплин для прыжков.Скоростная багги;
Пульт управления 2.4GHz;
Переносное з/у от батареек;
Зарядное устройство от USB;
Батарейка для пульта управления;
Инструкция;
Защита от переворотов;
Трамплин для прыжков.",,"Размеры упаковки: 17,5x16x16 см
Вес с упаковкой: 0,43 кг
Количество в коробке: 36 шт.
Объём коробки: 0,191 метры куб.Размеры упаковки: 17,5x16x16 см
Вес с упаковкой: 0,43 кг
Количество в коробке: 36 шт.
Объём коробки: 0,191 метры куб.Размеры упаковки: 17,5x16x16 см
Вес с упаковкой: 0,43 кг
Количество в коробке: 36 шт.
Объём коробки: 0,191 метры куб.",,FL-FC086g_*.jpg,"https://www.youtube.com/watch?v=swI1iJiHVx4
https://www.youtube.com/watch?v=4Yz1zV-isH4https://www.youtube.com/watch?v=swI1iJiHVx4
https://www.youtube.com/watch?v=4Yz1zV-isH4https://www.youtube.com/watch?v=swI1iJiHVx4
https://www.youtube.com/watch?v=4Yz1zV-isH4",100
FL-FC086o,Оранжевый,Fei Lun,Игрушка,Багги микро р/у 2.4GHz 1:32 Fei Lun High Speed скоростная (оранжевый),"Пропорциональное управление скоростью;
Высокая скорость;
Радиоуправление 2.4GHz;
Мобильное з/у в комплекте.Пропорциональное управление скоростью;
Высокая скорость;
Радиоуправление 2.4GHz;
Мобильное з/у в комплекте.Пропорциональное управление скоростью;
Высокая скорость;
Радиоуправление 2.4GHz;
Мобильное з/у в комплекте.","Рекомендуемый возраст: 5+
Масштаб: 1/32
Время работы: 10-15 мин
Время зарядки: 30 мин
Радиус действия: 30 м
Скорость: 25 км/ч
Питание: LiPol аккумулятор
Питание пульта: Батарейка ""крона"" 9В 1шт.
Управление поворотами: дискретное
Управление скоростью: пропорциональное
Частота: 2,4 ГГц
Размеры: 110х70х40 ммРекомендуемый возраст: 5+
Масштаб: 1/32
Время работы: 10-15 мин
Время зарядки: 30 мин
Радиус действия: 30 м
Скорость: 25 км/ч
Питание: LiPol аккумулятор
Питание пульта: Батарейка ""крона"" 9В 1шт.
Управление поворотами: дискретное
Управление скоростью: пропорциональное
Частота: 2,4 ГГц
Размеры: 110х70х40 ммРекомендуемый возраст: 5+
Масштаб: 1/32
Время работы: 10-15 мин
Время зарядки: 30 мин
Радиус действия: 30 м
Скорость: 25 км/ч
Питание: LiPol аккумулятор
Питание пульта: Батарейка ""крона"" 9В 1шт.
Управление поворотами: дискретное
Управление скоростью: пропорциональное
Частота: 2,4 ГГц
Размеры: 110х70х40 мм","Скоростная багги;
Пульт управления 2.4GHz;
Переносное з/у от батареек;
Зарядное устройство от USB;
Батарейка для пульта управления;
Инструкция;
Защита от переворотов;
Трамплин для прыжков.Скоростная багги;
Пульт управления 2.4GHz;
Переносное з/у от батареек;
Зарядное устройство от USB;
Батарейка для пульта управления;
Инструкция;
Защита от переворотов;
Трамплин для прыжков.Скоростная багги;
Пульт управления 2.4GHz;
Переносное з/у от батареек;
Зарядное устройство от USB;
Батарейка для пульта управления;
Инструкция;
Защита от переворотов;
Трамплин для прыжков.",,"Размеры упаковки: 17,5x16x16 см
Вес с упаковкой: 0,43 кг
Количество в коробке: 36 шт.
Объём коробки: 0,191 метры куб.Размеры упаковки: 17,5x16x16 см
Вес с упаковкой: 0,43 кг
Количество в коробке: 36 шт.
Объём коробки: 0,191 метры куб.Размеры упаковки: 17,5x16x16 см
Вес с упаковкой: 0,43 кг
Количество в коробке: 36 шт.
Объём коробки: 0,191 метры куб.",,FL-FC086o_*.jpg,"https://www.youtube.com/watch?v=swI1iJiHVx4
https://www.youtube.com/watch?v=4Yz1zV-isH5https://www.youtube.com/watch?v=swI1iJiHVx4
https://www.youtube.com/watch?v=4Yz1zV-isH5https://www.youtube.com/watch?v=swI1iJiHVx4
https://www.youtube.com/watch?v=4Yz1zV-isH5",100
GWT2008D-1,Красный,Great Wall Toys,Игрушка,Джип микро р/у 1:43 Hummer (красный),"Быстрая зарядка от пульта управления;
4 частоты управления;
Ускорение;
Светящиеся фары;
Подарочная упаковка.Быстрая зарядка от пульта управления;
4 частоты управления;
Ускорение;
Светящиеся фары;
Подарочная упаковка.Быстрая зарядка от пульта управления;
4 частоты управления;
Ускорение;
Светящиеся фары;
Подарочная упаковка.","Рекомендуемый возраст: 3+
Масштаб: 1/43
Время работы: 10-15 мин
Время зарядки: 10 мин
Радиус действия: 10 м
Скорость: 5 км/ч
Питание: LiPol аккумулятор
Питание пульта: Батарейки АА 4шт.
Частота: 27 МГц
Размеры: 110х60х50 ммРекомендуемый возраст: 3+
Масштаб: 1/43
Время работы: 10-15 мин
Время зарядки: 10 мин
Радиус действия: 10 м
Скорость: 5 км/ч
Питание: LiPol аккумулятор
Питание пульта: Батарейки АА 4шт.
Частота: 27 МГц
Размеры: 110х60х50 ммРекомендуемый возраст: 3+
Масштаб: 1/43
Время работы: 10-15 мин
Время зарядки: 10 мин
Радиус действия: 10 м
Скорость: 5 км/ч
Питание: LiPol аккумулятор
Питание пульта: Батарейки АА 4шт.
Частота: 27 МГц
Размеры: 110х60х50 мм","Машинка Hummer;
Пульт управления;
Антена;
Интсрукция.Машинка Hummer;
Пульт управления;
Антена;
Интсрукция.Машинка Hummer;
Пульт управления;
Антена;
Интсрукция.",Батарейки АА 4шт.,"Размеры упаковки: 19x10,5x18 см
Вес с упаковкой: 0,51 кг
Количество в коробке: 48 шт.
Объём коробки: 0,223 метры куб.Размеры упаковки: 19x10,5x18 см
Вес с упаковкой: 0,51 кг
Количество в коробке: 48 шт.
Объём коробки: 0,223 метры куб.Размеры упаковки: 19x10,5x18 см
Вес с упаковкой: 0,51 кг
Количество в коробке: 48 шт.
Объём коробки: 0,223 метры куб.",,GWT2008D-1_*.jpg,https://www.youtube.com/watch?v=8nVnht0htZs,100
GWT2008D-2,Серый,Great Wall Toys,Игрушка,Джип микро р/у 1:43 Hummer (серый),"Быстрая зарядка от пульта управления;
4 частоты управления;
Ускорение;
Светящиеся фары;
Подарочная упаковка.Быстрая зарядка от пульта управления;
4 частоты управления;
Ускорение;
Светящиеся фары;
Подарочная упаковка.Быстрая зарядка от пульта управления;
4 частоты управления;
Ускорение;
Светящиеся фары;
Подарочная упаковка.","Рекомендуемый возраст: 3+
Масштаб: 1/43
Время работы: 10-15 мин
Время зарядки: 10 мин
Радиус действия: 10 м
Скорость: 5 км/ч
Питание: LiPol аккумулятор
Питание пульта: Батарейки АА 4шт.
Частота: 27 МГц
Размеры: 110х60х50 ммРекомендуемый возраст: 3+
Масштаб: 1/43
Время работы: 10-15 мин
Время зарядки: 10 мин
Радиус действия: 10 м
Скорость: 5 км/ч
Питание: LiPol аккумулятор
Питание пульта: Батарейки АА 4шт.
Частота: 27 МГц
Размеры: 110х60х50 ммРекомендуемый возраст: 3+
Масштаб: 1/43
Время работы: 10-15 мин
Время зарядки: 10 мин
Радиус действия: 10 м
Скорость: 5 км/ч
Питание: LiPol аккумулятор
Питание пульта: Батарейки АА 4шт.
Частота: 27 МГц
Размеры: 110х60х50 мм","Машинка Hummer;
Пульт управления;
Антена;
Интсрукция.Машинка Hummer;
Пульт управления;
Антена;
Интсрукция.Машинка Hummer;
Пульт управления;
Антена;
Интсрукция.",Батарейки АА 4шт.,"Размеры упаковки: 19x10,5x18 см
Вес с упаковкой: 0,51 кг
Количество в коробке: 48 шт.
Объём коробки: 0,223 метры куб.Размеры упаковки: 19x10,5x18 см
Вес с упаковкой: 0,51 кг
Количество в коробке: 48 шт.
Объём коробки: 0,223 метры куб.Размеры упаковки: 19x10,5x18 см
Вес с упаковкой: 0,51 кг
Количество в коробке: 48 шт.
Объём коробки: 0,223 метры куб.",,GWT2008D-2_*.jpg,https://www.youtube.com/watch?v=8nVnht0htZs,100
GWT2008D-3,Хаки белый,Great Wall Toys,Игрушка,Джип микро р/у 1:43 Hummer (хаки белый),"Быстрая зарядка от пульта управления;
4 частоты управления;
Ускорение;
Светящиеся фары;
Подарочная упаковка.Быстрая зарядка от пульта управления;
4 частоты управления;
Ускорение;
Светящиеся фары;
Подарочная упаковка.Быстрая зарядка от пульта управления;
4 частоты управления;
Ускорение;
Светящиеся фары;
Подарочная упаковка.","Рекомендуемый возраст: 3+
Масштаб: 1/43
Время работы: 10-15 мин
Время зарядки: 10 мин
Радиус действия: 10 м
Скорость: 5 км/ч
Питание: LiPol аккумулятор
Питание пульта: Батарейки АА 4шт.
Частота: 27, 35, 40, 49 МГц
Размеры: 110х60х50 ммРекомендуемый возраст: 3+
Масштаб: 1/43
Время работы: 10-15 мин
Время зарядки: 10 мин
Радиус действия: 10 м
Скорость: 5 км/ч
Питание: LiPol аккумулятор
Питание пульта: Батарейки АА 4шт.
Частота: 27, 35, 40, 49 МГц
Размеры: 110х60х50 ммРекомендуемый возраст: 3+
Масштаб: 1/43
Время работы: 10-15 мин
Время зарядки: 10 мин
Радиус действия: 10 м
Скорость: 5 км/ч
Питание: LiPol аккумулятор
Питание пульта: Батарейки АА 4шт.
Частота: 27, 35, 40, 49 МГц
Размеры: 110х60х50 мм","Машинка Hummer;
Пульт управления;
Антена;
Интсрукция.Машинка Hummer;
Пульт управления;
Антена;
Интсрукция.Машинка Hummer;
Пульт управления;
Антена;
Интсрукция.",Батарейки АА 4шт.,"Размеры упаковки: 19x10,5x18 см
Вес с упаковкой: 0,51 кг
Количество в коробке: 48 шт.
Объём коробки: 0,223 метры куб.Размеры упаковки: 19x10,5x18 см
Вес с упаковкой: 0,51 кг
Количество в коробке: 48 шт.
Объём коробки: 0,223 метры куб.Размеры упаковки: 19x10,5x18 см
Вес с упаковкой: 0,51 кг
Количество в коробке: 48 шт.
Объём коробки: 0,223 метры куб.",,GWT2008D-3_*.jpg,https://www.youtube.com/watch?v=8nVnht0htZs,100
GWT2008D-4,Белый,Great Wall Toys,Игрушка,Джип микро р/у 1:43 Hummer (белый),"Быстрая зарядка от пульта управления;
4 частоты управления;
Ускорение;
Светящиеся фары;
Подарочная упаковка.Быстрая зарядка от пульта управления;
4 частоты управления;
Ускорение;
Светящиеся фары;
Подарочная упаковка.Быстрая зарядка от пульта управления;
4 частоты управления;
Ускорение;
Светящиеся фары;
Подарочная упаковка.","Рекомендуемый возраст: 3+
Масштаб: 1/43
Время работы: 10-15 мин
Время зарядки: 10 мин
Радиус действия: 10 м
Скорость: 5 км/ч
Питание: LiPol аккумулятор
Питание пульта: Батарейки АА 4шт.
Частота: 35 МГц
Размеры: 110х60х50 ммРекомендуемый возраст: 3+
Масштаб: 1/43
Время работы: 10-15 мин
Время зарядки: 10 мин
Радиус действия: 10 м
Скорость: 5 км/ч
Питание: LiPol аккумулятор
Питание пульта: Батарейки АА 4шт.
Частота: 35 МГц
Размеры: 110х60х50 ммРекомендуемый возраст: 3+
Масштаб: 1/43
Время работы: 10-15 мин
Время зарядки: 10 мин
Радиус действия: 10 м
Скорость: 5 км/ч
Питание: LiPol аккумулятор
Питание пульта: Батарейки АА 4шт.
Частота: 35 МГц
Размеры: 110х60х50 мм","Машинка Hummer;
Пульт управления;
Антена;
Интсрукция.Машинка Hummer;
Пульт управления;
Антена;
Интсрукция.Машинка Hummer;
Пульт управления;
Антена;
Интсрукция.",Батарейки АА 4шт.,"Размеры упаковки: 19x10,5x18 см
Вес с упаковкой: 0,51 кг
Количество в коробке: 48 шт.
Объём коробки: 0,223 метры куб.Размеры упаковки: 19x10,5x18 см
Вес с упаковкой: 0,51 кг
Количество в коробке: 48 шт.
Объём коробки: 0,223 метры куб.Размеры упаковки: 19x10,5x18 см
Вес с упаковкой: 0,51 кг
Количество в коробке: 48 шт.
Объём коробки: 0,223 метры куб.",,GWT2008D-4_*.jpg,https://www.youtube.com/watch?v=8nVnht0htZs,100
GWT2008D-5,Черный,Great Wall Toys,Игрушка,Джип микро р/у 1:43 Hummer (черный),"Быстрая зарядка от пульта управления;
4 частоты управления;
Ускорение;
Светящиеся фары;
Подарочная упаковка.Быстрая зарядка от пульта управления;
4 частоты управления;
Ускорение;
Светящиеся фары;
Подарочная упаковка.Быстрая зарядка от пульта управления;
4 частоты управления;
Ускорение;
Светящиеся фары;
Подарочная упаковка.","Рекомендуемый возраст: 3+
Масштаб: 1/43
Время работы: 10-15 мин
Время зарядки: 10 мин
Радиус действия: 10 м
Скорость: 5 км/ч
Питание: LiPol аккумулятор
Питание пульта: Батарейки АА 4шт.
Частота: 40 МГц
Размеры: 110х60х50 ммРекомендуемый возраст: 3+
Масштаб: 1/43
Время работы: 10-15 мин
Время зарядки: 10 мин
Радиус действия: 10 м
Скорость: 5 км/ч
Питание: LiPol аккумулятор
Питание пульта: Батарейки АА 4шт.
Частота: 40 МГц
Размеры: 110х60х50 ммРекомендуемый возраст: 3+
Масштаб: 1/43
Время работы: 10-15 мин
Время зарядки: 10 мин
Радиус действия: 10 м
Скорость: 5 км/ч
Питание: LiPol аккумулятор
Питание пульта: Батарейки АА 4шт.
Частота: 40 МГц
Размеры: 110х60х50 мм","Машинка Hummer;
Пульт управления;
Антена;
Интсрукция.Машинка Hummer;
Пульт управления;
Антена;
Интсрукция.Машинка Hummer;
Пульт управления;
Антена;
Интсрукция.",Батарейки АА 4шт.,"Размеры упаковки: 19x10,5x18 см
Вес с упаковкой: 0,51 кг
Количество в коробке: 48 шт.
Объём коробки: 0,223 метры куб.Размеры упаковки: 19x10,5x18 см
Вес с упаковкой: 0,51 кг
Количество в коробке: 48 шт.
Объём коробки: 0,223 метры куб.Размеры упаковки: 19x10,5x18 см
Вес с упаковкой: 0,51 кг
Количество в коробке: 48 шт.
Объём коробки: 0,223 метры куб.",,GWT2008D-5_*.jpg,https://www.youtube.com/watch?v=8nVnht0htZs,100
GWT2008D-6,Синий,Great Wall Toys,Игрушка,Джип микро р/у 1:43 Hummer (синий),"Быстрая зарядка от пульта управления;
4 частоты управления;
Ускорение;
Светящиеся фары;
Подарочная упаковка.Быстрая зарядка от пульта управления;
4 частоты управления;
Ускорение;
Светящиеся фары;
Подарочная упаковка.Быстрая зарядка от пульта управления;
4 частоты управления;
Ускорение;
Светящиеся фары;
Подарочная упаковка.","Рекомендуемый возраст: 3+
Масштаб: 1/43
Время работы: 10-15 мин
Время зарядки: 10 мин
Радиус действия: 10 м
Скорость: 5 км/ч
Питание: LiPol аккумулятор
Питание пульта: Батарейки АА 4шт.
Частота: 40 МГц
Размеры: 110х60х50 ммРекомендуемый возраст: 3+
Масштаб: 1/43
Время работы: 10-15 мин
Время зарядки: 10 мин
Радиус действия: 10 м
Скорость: 5 км/ч
Питание: LiPol аккумулятор
Питание пульта: Батарейки АА 4шт.
Частота: 40 МГц
Размеры: 110х60х50 ммРекомендуемый возраст: 3+
Масштаб: 1/43
Время работы: 10-15 мин
Время зарядки: 10 мин
Радиус действия: 10 м
Скорость: 5 км/ч
Питание: LiPol аккумулятор
Питание пульта: Батарейки АА 4шт.
Частота: 40 МГц
Размеры: 110х60х50 мм","Машинка Hummer;
Пульт управления;
Антена;
Интсрукция.Машинка Hummer;
Пульт управления;
Антена;
Интсрукция.Машинка Hummer;
Пульт управления;
Антена;
Интсрукция.",Батарейки АА 4шт.,"Размеры упаковки: 19x10,5x18 см
Вес с упаковкой: 0,51 кг
Количество в коробке: 48 шт.
Объём коробки: 0,223 метры куб.Размеры упаковки: 19x10,5x18 см
Вес с упаковкой: 0,51 кг
Количество в коробке: 48 шт.
Объём коробки: 0,223 метры куб.Размеры упаковки: 19x10,5x18 см
Вес с упаковкой: 0,51 кг
Количество в коробке: 48 шт.
Объём коробки: 0,223 метры куб.",,GWT2008D-6_*.jpg,https://www.youtube.com/watch?v=8nVnht0htZs,100
GWT2008D-7,Жёлтый,Great Wall Toys,Игрушка,Джип микро р/у 1:43 Hummer (желтый),"Быстрая зарядка от пульта управления;
4 частоты управления;
Ускорение;
Светящиеся фары;
Подарочная упаковка.Быстрая зарядка от пульта управления;
4 частоты управления;
Ускорение;
Светящиеся фары;
Подарочная упаковка.Быстрая зарядка от пульта управления;
4 частоты управления;
Ускорение;
Светящиеся фары;
Подарочная упаковка.","Рекомендуемый возраст: 3+
Масштаб: 1/43
Время работы: 10-15 мин
Время зарядки: 10 мин
Радиус действия: 10 м
Скорость: 5 км/ч
Питание: LiPol аккумулятор
Питание пульта: Батарейки АА 4шт.
Частота: 49 МГц
Размеры: 110х60х50 ммРекомендуемый возраст: 3+
Масштаб: 1/43
Время работы: 10-15 мин
Время зарядки: 10 мин
Радиус действия: 10 м
Скорость: 5 км/ч
Питание: LiPol аккумулятор
Питание пульта: Батарейки АА 4шт.
Частота: 49 МГц
Размеры: 110х60х50 ммРекомендуемый возраст: 3+
Масштаб: 1/43
Время работы: 10-15 мин
Время зарядки: 10 мин
Радиус действия: 10 м
Скорость: 5 км/ч
Питание: LiPol аккумулятор
Питание пульта: Батарейки АА 4шт.
Частота: 49 МГц
Размеры: 110х60х50 мм","Машинка Hummer;
Пульт управления;
Антена;
Интсрукция.Машинка Hummer;
Пульт управления;
Антена;
Интсрукция.Машинка Hummer;
Пульт управления;
Антена;
Интсрукция.",Батарейки АА 4шт.,"Размеры упаковки: 19x10,5x18 см
Вес с упаковкой: 0,51 кг
Количество в коробке: 48 шт.
Объём коробки: 0,223 метры куб.Размеры упаковки: 19x10,5x18 см
Вес с упаковкой: 0,51 кг
Количество в коробке: 48 шт.
Объём коробки: 0,223 метры куб.Размеры упаковки: 19x10,5x18 см
Вес с упаковкой: 0,51 кг
Количество в коробке: 48 шт.
Объём коробки: 0,223 метры куб.",,GWT2008D-7_*.jpg,https://www.youtube.com/watch?v=8nVnht0htZs,100
GWT2008D-8,Хаки зеленый,Great Wall Toys,Игрушка,Джип микро р/у 1:43 Hummer (хаки зеленый),"Быстрая зарядка от пульта управления;
4 частоты управления;
Ускорение;
Светящиеся фары;
Подарочная упаковка.Быстрая зарядка от пульта управления;
4 частоты управления;
Ускорение;
Светящиеся фары;
Подарочная упаковка.Быстрая зарядка от пульта управления;
4 частоты управления;
Ускорение;
Светящиеся фары;
Подарочная упаковка.","Рекомендуемый возраст: 3+
Масштаб: 1/43
Время работы: 10-15 мин
Время зарядки: 10 мин
Радиус действия: 10 м
Скорость: 5 км/ч
Питание: LiPol аккумулятор
Питание пульта: Батарейки АА 4шт.
Частота: 49 МГц
Размеры: 110х60х50 ммРекомендуемый возраст: 3+
Масштаб: 1/43
Время работы: 10-15 мин
Время зарядки: 10 мин
Радиус действия: 10 м
Скорость: 5 км/ч
Питание: LiPol аккумулятор
Питание пульта: Батарейки АА 4шт.
Частота: 49 МГц
Размеры: 110х60х50 ммРекомендуемый возраст: 3+
Масштаб: 1/43
Время работы: 10-15 мин
Время зарядки: 10 мин
Радиус действия: 10 м
Скорость: 5 км/ч
Питание: LiPol аккумулятор
Питание пульта: Батарейки АА 4шт.
Частота: 49 МГц
Размеры: 110х60х50 мм","Машинка Hummer;
Пульт управления;
Антена;
Интсрукция.Машинка Hummer;
Пульт управления;
Антена;
Интсрукция.Машинка Hummer;
Пульт управления;
Антена;
Интсрукция.",Батарейки АА 4шт.,"Размеры упаковки: 19x10,5x18 см
Вес с упаковкой: 0,51 кг
Количество в коробке: 48 шт.
Объём коробки: 0,223 метры куб.Размеры упаковки: 19x10,5x18 см
Вес с упаковкой: 0,51 кг
Количество в коробке: 48 шт.
Объём коробки: 0,223 метры куб.Размеры упаковки: 19x10,5x18 см
Вес с упаковкой: 0,51 кг
Количество в коробке: 48 шт.
Объём коробки: 0,223 метры куб.",,GWT2008D-8_*.jpg,https://www.youtube.com/watch?v=8nVnht0htZs,100
SQW8004-370Zb,Синий,ShenQiWei,Игрушка,Машинка микро р/у 1:43 лиценз. Nissan 370Z (синий),"Лицензионные копии популярных моделей машин;
Быстрая зарядка от пульта управления;
2 частоты управления;
Ускорение;
Светящиеся фарыЛицензионные копии популярных моделей машин;
Быстрая зарядка от пульта управления;
2 частоты управления;
Ускорение;
Светящиеся фарыЛицензионные копии популярных моделей машин;
Быстрая зарядка от пульта управления;
2 частоты управления;
Ускорение;
Светящиеся фары","Рекомендуемый возраст: 3+
Масштаб: 1/43
Время работы: 10-15 мин
Время зарядки: 10 мин
Радиус действия: 10 м
Скорость: 7 км/ч
Питание: LiPol аккумулятор
Питание пульта: Батарейки АА 4шт.
Частота: 40 МГц
Размеры: 110х50х30 ммРекомендуемый возраст: 3+
Масштаб: 1/43
Время работы: 10-15 мин
Время зарядки: 10 мин
Радиус действия: 10 м
Скорость: 7 км/ч
Питание: LiPol аккумулятор
Питание пульта: Батарейки АА 4шт.
Частота: 40 МГц
Размеры: 110х50х30 ммРекомендуемый возраст: 3+
Масштаб: 1/43
Время работы: 10-15 мин
Время зарядки: 10 мин
Радиус действия: 10 м
Скорость: 7 км/ч
Питание: LiPol аккумулятор
Питание пульта: Батарейки АА 4шт.
Частота: 40 МГц
Размеры: 110х50х30 мм","Лицензионная машинка;
Пульт управления;
Антена;
Инструкция.Лицензионная машинка;
Пульт управления;
Антена;
Инструкция.Лицензионная машинка;
Пульт управления;
Антена;
Инструкция.",Батарейки АА 4шт.,"Размеры упаковки: 14x14x8 см
Вес с упаковкой: 0,31 кг
Количество в коробке: 48 шт.
Объём коробки: 0,145 метры куб.Размеры упаковки: 14x14x8 см
Вес с упаковкой: 0,31 кг
Количество в коробке: 48 шт.
Объём коробки: 0,145 метры куб.Размеры упаковки: 14x14x8 см
Вес с упаковкой: 0,31 кг
Количество в коробке: 48 шт.
Объём коробки: 0,145 метры куб.",,SQW8004-370Z_*.jpg,https://www.youtube.com/watch?v=JfMRILNW-nM,100
SQW8004-370Zw,Белый,ShenQiWei,Игрушка,Машинка микро р/у 1:43 лиценз. Nissan 370Z (белый),"Лицензионные копии популярных моделей машин;
Быстрая зарядка от пульта управления;
2 частоты управления;
Ускорение;
Светящиеся фарыЛицензионные копии популярных моделей машин;
Быстрая зарядка от пульта управления;
2 частоты управления;
Ускорение;
Светящиеся фарыЛицензионные копии популярных моделей машин;
Быстрая зарядка от пульта управления;
2 частоты управления;
Ускорение;
Светящиеся фары","Рекомендуемый возраст: 3+
Масштаб: 1/43
Время работы: 10-15 мин
Время зарядки: 10 мин
Радиус действия: 10 м
Скорость: 7 км/ч
Питание: LiPol аккумулятор
Питание пульта: Батарейки АА 4шт.
Частота: 40 МГц
Размеры: 110х50х30 ммРекомендуемый возраст: 3+
Масштаб: 1/43
Время работы: 10-15 мин
Время зарядки: 10 мин
Радиус действия: 10 м
Скорость: 7 км/ч
Питание: LiPol аккумулятор
Питание пульта: Батарейки АА 4шт.
Частота: 40 МГц
Размеры: 110х50х30 ммРекомендуемый возраст: 3+
Масштаб: 1/43
Время работы: 10-15 мин
Время зарядки: 10 мин
Радиус действия: 10 м
Скорость: 7 км/ч
Питание: LiPol аккумулятор
Питание пульта: Батарейки АА 4шт.
Частота: 40 МГц
Размеры: 110х50х30 мм","Лицензионная машинка;
Пульт управления;
Антена;
Инструкция.Лицензионная машинка;
Пульт управления;
Антена;
Инструкция.Лицензионная машинка;
Пульт управления;
Антена;
Инструкция.",Батарейки АА 4шт.,"Размеры упаковки: 14x14x8 см
Вес с упаковкой: 0,31 кг
Количество в коробке: 48 шт.
Объём коробки: 0,145 метры куб.Размеры упаковки: 14x14x8 см
Вес с упаковкой: 0,31 кг
Количество в коробке: 48 шт.
Объём коробки: 0,145 метры куб.Размеры упаковки: 14x14x8 см
Вес с упаковкой: 0,31 кг
Количество в коробке: 48 шт.
Объём коробки: 0,145 метры куб.",,SQW8004-370Z_*.jpg,https://www.youtube.com/watch?v=JfMRILNW-nM,100
SQW8004-FJb,Синий,ShenQiWei,Игрушка,Машинка микро р/у 1:43 лиценз. Toyota FJ (синий),"Лицензионные копии популярных моделей машин;
Быстрая зарядка от пульта управления;
2 частоты управления;
Ускорение;
Светящиеся фарыЛицензионные копии популярных моделей машин;
Быстрая зарядка от пульта управления;
2 частоты управления;
Ускорение;
Светящиеся фарыЛицензионные копии популярных моделей машин;
Быстрая зарядка от пульта управления;
2 частоты управления;
Ускорение;
Светящиеся фары","Рекомендуемый возраст: 3+
Масштаб: 1/43
Время работы: 10-15 мин
Время зарядки: 10 мин
Радиус действия: 10 м
Скорость: 7 км/ч
Питание: LiPol аккумулятор
Питание пульта: Батарейки АА 4шт.
Частота: 27 МГц
Размеры: 110х50х30 ммРекомендуемый возраст: 3+
Масштаб: 1/43
Время работы: 10-15 мин
Время зарядки: 10 мин
Радиус действия: 10 м
Скорость: 7 км/ч
Питание: LiPol аккумулятор
Питание пульта: Батарейки АА 4шт.
Частота: 27 МГц
Размеры: 110х50х30 ммРекомендуемый возраст: 3+
Масштаб: 1/43
Время работы: 10-15 мин
Время зарядки: 10 мин
Радиус действия: 10 м
Скорость: 7 км/ч
Питание: LiPol аккумулятор
Питание пульта: Батарейки АА 4шт.
Частота: 27 МГц
Размеры: 110х50х30 мм","Лицензионная машинка;
Пульт управления;
Антена;
Инструкция.Лицензионная машинка;
Пульт управления;
Антена;
Инструкция.Лицензионная машинка;
Пульт управления;
Антена;
Инструкция.",Батарейки АА 4шт.,"Размеры упаковки: 14x14x8 см
Вес с упаковкой: 0,31 кг
Количество в коробке: 48 шт.
Объём коробки: 0,145 метры куб.Размеры упаковки: 14x14x8 см
Вес с упаковкой: 0,31 кг
Количество в коробке: 48 шт.
Объём коробки: 0,145 метры куб.Размеры упаковки: 14x14x8 см
Вес с упаковкой: 0,31 кг
Количество в коробке: 48 шт.
Объём коробки: 0,145 метры куб.",,SQW8004-FJ_*.jpg,https://www.youtube.com/watch?v=JfMRILNW-nM,100
SQW8004-Fjy,Жёлтый,ShenQiWei,Игрушка,Машинка микро р/у 1:43 лиценз. Toyota FJ (желтый),"Лицензионные копии популярных моделей машин;
Быстрая зарядка от пульта управления;
2 частоты управления;
Ускорение;
Светящиеся фарыЛицензионные копии популярных моделей машин;
Быстрая зарядка от пульта управления;
2 частоты управления;
Ускорение;
Светящиеся фарыЛицензионные копии популярных моделей машин;
Быстрая зарядка от пульта управления;
2 частоты управления;
Ускорение;
Светящиеся фары","Рекомендуемый возраст: 3+
Масштаб: 1/43
Время работы: 10-15 мин
Время зарядки: 10 мин
Радиус действия: 10 м
Скорость: 7 км/ч
Питание: LiPol аккумулятор
Питание пульта: Батарейки АА 4шт.
Частота: 27, 40 МГц
Размеры: 110х50х30 ммРекомендуемый возраст: 3+
Масштаб: 1/43
Время работы: 10-15 мин
Время зарядки: 10 мин
Радиус действия: 10 м
Скорость: 7 км/ч
Питание: LiPol аккумулятор
Питание пульта: Батарейки АА 4шт.
Частота: 27, 40 МГц
Размеры: 110х50х30 ммРекомендуемый возраст: 3+
Масштаб: 1/43
Время работы: 10-15 мин
Время зарядки: 10 мин
Радиус действия: 10 м
Скорость: 7 км/ч
Питание: LiPol аккумулятор
Питание пульта: Батарейки АА 4шт.
Частота: 27, 40 МГц
Размеры: 110х50х30 мм","Лицензионная машинка;
Пульт управления;
Антена;
Инструкция.Лицензионная машинка;
Пульт управления;
Антена;
Инструкция.Лицензионная машинка;
Пульт управления;
Антена;
Инструкция.",Батарейки АА 4шт.,"Размеры упаковки: 14x14x8 см
Вес с упаковкой: 0,31 кг
Количество в коробке: 48 шт.
Объём коробки: 0,145 метры куб.Размеры упаковки: 14x14x8 см
Вес с упаковкой: 0,31 кг
Количество в коробке: 48 шт.
Объём коробки: 0,145 метры куб.Размеры упаковки: 14x14x8 см
Вес с упаковкой: 0,31 кг
Количество в коробке: 48 шт.
Объём коробки: 0,145 метры куб.",,SQW8004-FJ_*.jpg,https://www.youtube.com/watch?v=JfMRILNW-nM,100
SQW8004-GT500g,Серый,ShenQiWei,Игрушка,Машинка микро р/у 1:43 лиценз. Ford GT500 (серый),"Лицензионные копии популярных моделей машин;
Быстрая зарядка от пульта управления;
2 частоты управления;
Ускорение;
Светящиеся фарыЛицензионные копии популярных моделей машин;
Быстрая зарядка от пульта управления;
2 частоты управления;
Ускорение;
Светящиеся фары","Рекомендуемый возраст: 3+
Масштаб: 1/43
Время работы: 10-15 мин
Время зарядки: 10 мин
Радиус действия: 10 м
Скорость: 7 км/ч
Питание: LiPol аккумулятор
Питание пульта: Батарейки АА 4шт.
Частота: 40 МГц
Размеры: 110х50х30 ммРекомендуемый возраст: 3+
Масштаб: 1/43
Время работы: 10-15 мин
Время зарядки: 10 мин
Радиус действия: 10 м
Скорость: 7 км/ч
Питание: LiPol аккумулятор
Питание пульта: Батарейки АА 4шт.
Частота: 40 МГц
Размеры: 110х50х30 мм","Лицензионная машинка;
Пульт управления;
Антена;
Инструкция.Лицензионная машинка;
Пульт управления;
Антена;
Инструкция.",Батарейки АА 4шт.,"Размеры упаковки: 14x14x8 см
Вес с упаковкой: 0,31 кг
Количество в коробке: 48 шт.
Объём коробки: 0,145 метры куб.Размеры упаковки: 14x14x8 см
Вес с упаковкой: 0,31 кг
Количество в коробке: 48 шт.
Объём коробки: 0,145 метры куб.",,SQW8004-GT500_*.jpg,https://www.youtube.com/watch?v=JfMRILNW-nM,100
SQW8004-GT500r,Красный,ShenQiWei,Игрушка,Машинка микро р/у 1:43 лиценз. Ford GT500 (красный),"Лицензионные копии популярных моделей машин;
Быстрая зарядка от пульта управления;
2 частоты управления;
Ускорение;
Светящиеся фарыЛицензионные копии популярных моделей машин;
Быстрая зарядка от пульта управления;
2 частоты управления;
Ускорение;
Светящиеся фары","Рекомендуемый возраст: 3+
Масштаб: 1/43
Время работы: 10-15 мин
Время зарядки: 10 мин
Радиус действия: 10 м
Скорость: 7 км/ч
Питание: LiPol аккумулятор
Питание пульта: Батарейки АА 4шт.
Частота: 27, 40 МГц
Размеры: 110х50х30 ммРекомендуемый возраст: 3+
Масштаб: 1/43
Время работы: 10-15 мин
Время зарядки: 10 мин
Радиус действия: 10 м
Скорость: 7 км/ч
Питание: LiPol аккумулятор
Питание пульта: Батарейки АА 4шт.
Частота: 27, 40 МГц
Размеры: 110х50х30 мм","Лицензионная машинка;
Пульт управления;
Антена;
Инструкция.Лицензионная машинка;
Пульт управления;
Антена;
Инструкция.",Батарейки АА 4шт.,"Размеры упаковки: 14x14x8 см
Вес с упаковкой: 0,31 кг
Количество в коробке: 48 шт.
Объём коробки: 0,145 метры куб.Размеры упаковки: 14x14x8 см
Вес с упаковкой: 0,31 кг
Количество в коробке: 48 шт.
Объём коробки: 0,145 метры куб.",,SQW8004-GT500_*.jpg,https://www.youtube.com/watch?v=JfMRILNW-nM,100
SQW8004-GTg,Серый,ShenQiWei,Игрушка,Машинка микро р/у 1:43 лиценз. Nissan GT-R (серый),"Лицензионные копии популярных моделей машин;
Быстрая зарядка от пульта управления;
2 частоты управления;
Ускорение;
Светящиеся фарыЛицензионные копии популярных моделей машин;
Быстрая зарядка от пульта управления;
2 частоты управления;
Ускорение;
Светящиеся фары","Рекомендуемый возраст: 3+
Масштаб: 1/43
Время работы: 10-15 мин
Время зарядки: 10 мин
Радиус действия: 10 м
Скорость: 7 км/ч
Питание: LiPol аккумулятор
Питание пульта: Батарейки АА 4шт.
Частота: 40 МГц
Размеры: 110х50х30 ммРекомендуемый возраст: 3+
Масштаб: 1/43
Время работы: 10-15 мин
Время зарядки: 10 мин
Радиус действия: 10 м
Скорость: 7 км/ч
Питание: LiPol аккумулятор
Питание пульта: Батарейки АА 4шт.
Частота: 40 МГц
Размеры: 110х50х30 мм","Лицензионная машинка;
Пульт управления;
Антена;
Инструкция.Лицензионная машинка;
Пульт управления;
Антена;
Инструкция.",Батарейки АА 4шт.,"Размеры упаковки: 14x14x8 см
Вес с упаковкой: 0,31 кг
Количество в коробке: 48 шт.
Объём коробки: 0,145 метры куб.Размеры упаковки: 14x14x8 см
Вес с упаковкой: 0,31 кг
Количество в коробке: 48 шт.
Объём коробки: 0,145 метры куб.",,SQW8004-GT_*.jpg,https://www.youtube.com/watch?v=JfMRILNW-nM,100
SQW8004-GTr,Красный,ShenQiWei,Игрушка,Машинка микро р/у 1:43 лиценз. Nissan GT-R (красный),"Лицензионные копии популярных моделей машин;
Быстрая зарядка от пульта управления;
2 частоты управления;
Ускорение;
Светящиеся фарыЛицензионные копии популярных моделей машин;
Быстрая зарядка от пульта управления;
2 частоты управления;
Ускорение;
Светящиеся фары","Рекомендуемый возраст: 3+
Масштаб: 1/43
Время работы: 10-15 мин
Время зарядки: 10 мин
Радиус действия: 10 м
Скорость: 7 км/ч
Питание: LiPol аккумулятор
Питание пульта: Батарейки АА 4шт.
Частота: 40 МГц
Размеры: 110х50х30 ммРекомендуемый возраст: 3+
Масштаб: 1/43
Время работы: 10-15 мин
Время зарядки: 10 мин
Радиус действия: 10 м
Скорость: 7 км/ч
Питание: LiPol аккумулятор
Питание пульта: Батарейки АА 4шт.
Частота: 40 МГц
Размеры: 110х50х30 мм","Лицензионная машинка;
Пульт управления;
Антена;
Инструкция.Лицензионная машинка;
Пульт управления;
Антена;
Инструкция.",Батарейки АА 4шт.,"Размеры упаковки: 14x14x8 см
Вес с упаковкой: 0,31 кг
Количество в коробке: 48 шт.
Объём коробки: 0,145 метры куб.Размеры упаковки: 14x14x8 см
Вес с упаковкой: 0,31 кг
Количество в коробке: 48 шт.
Объём коробки: 0,145 метры куб.",,SQW8004-GT_*.jpg,https://www.youtube.com/watch?v=JfMRILNW-nM,100
SQW8004-H2r,Красный,ShenQiWei,Игрушка,Машинка микро р/у 1:43 лиценз. Hummer H2 (красный),"Лицензионные копии популярных моделей машин;
Быстрая зарядка от пульта управления;
2 частоты управления;
Ускорение;
Светящиеся фарыЛицензионные копии популярных моделей машин;
Быстрая зарядка от пульта управления;
2 частоты управления;
Ускорение;
Светящиеся фары","Рекомендуемый возраст: 3+
Масштаб: 1/43
Время работы: 10-15 мин
Время зарядки: 10 мин
Радиус действия: 10 м
Скорость: 7 км/ч
Питание: LiPol аккумулятор
Питание пульта: Батарейки АА 4шт.
Частота: 27, 40 МГц
Размеры: 110х50х30 ммРекомендуемый возраст: 3+
Масштаб: 1/43
Время работы: 10-15 мин
Время зарядки: 10 мин
Радиус действия: 10 м
Скорость: 7 км/ч
Питание: LiPol аккумулятор
Питание пульта: Батарейки АА 4шт.
Частота: 27, 40 МГц
Размеры: 110х50х30 мм","Лицензионная машинка;
Пульт управления;
Антена;
Инструкция.Лицензионная машинка;
Пульт управления;
Антена;
Инструкция.",Батарейки АА 4шт.,"Размеры упаковки: 14x14x8 см
Вес с упаковкой: 0,31 кг
Количество в коробке: 48 шт.
Объём коробки: 0,145 метры куб.Размеры упаковки: 14x14x8 см
Вес с упаковкой: 0,31 кг
Количество в коробке: 48 шт.
Объём коробки: 0,145 метры куб.",,SQW8004-H2_*.jpg,https://www.youtube.com/watch?v=JfMRILNW-nM,100
SQW8004-H2y,Жёлтый,ShenQiWei,Игрушка,Машинка микро р/у 1:43 лиценз. Hummer H2 (желтый),"Лицензионные копии популярных моделей машин;
Быстрая зарядка от пульта управления;
2 частоты управления;
Ускорение;
Светящиеся фарыЛицензионные копии популярных моделей машин;
Быстрая зарядка от пульта управления;
2 частоты управления;
Ускорение;
Светящиеся фары","Рекомендуемый возраст: 3+
Масштаб: 1/43
Время работы: 10-15 мин
Время зарядки: 10 мин
Радиус действия: 10 м
Скорость: 7 км/ч
Питание: LiPol аккумулятор
Питание пульта: Батарейки АА 4шт.
Частота: 27, 40 МГц
Размеры: 110х50х30 ммРекомендуемый возраст: 3+
Масштаб: 1/43
Время работы: 10-15 мин
Время зарядки: 10 мин
Радиус действия: 10 м
Скорость: 7 км/ч
Питание: LiPol аккумулятор
Питание пульта: Батарейки АА 4шт.
Частота: 27, 40 МГц
Размеры: 110х50х30 мм","Лицензионная машинка;
Пульт управления;
Антена;
Инструкция.Лицензионная машинка;
Пульт управления;
Антена;
Инструкция.",Батарейки АА 4шт.,"Размеры упаковки: 14x14x8 см
Вес с упаковкой: 0,31 кг
Количество в коробке: 48 шт.
Объём коробки: 0,145 метры куб.Размеры упаковки: 14x14x8 см
Вес с упаковкой: 0,31 кг
Количество в коробке: 48 шт.
Объём коробки: 0,145 метры куб.",,SQW8004-H2_*.jpg,https://www.youtube.com/watch?v=JfMRILNW-nM,100
SQW8004-LP560o,Оранжевый,ShenQiWei,Игрушка,Машинка микро р/у 1:43 лиценз. Lamborghini LP560 (оранжевый),"Лицензионные копии популярных моделей машин;
Быстрая зарядка от пульта управления;
2 частоты управления;
Ускорение;
Светящиеся фарыЛицензионные копии популярных моделей машин;
Быстрая зарядка от пульта управления;
2 частоты управления;
Ускорение;
Светящиеся фары","Рекомендуемый возраст: 3+
Масштаб: 1/43
Время работы: 10-15 мин
Время зарядки: 10 мин
Радиус действия: 10 м
Скорость: 7 км/ч
Питание: LiPol аккумулятор
Питание пульта: Батарейки АА 4шт.
Частота: 40 МГц
Размеры: 110х50х30 ммРекомендуемый возраст: 3+
Масштаб: 1/43
Время работы: 10-15 мин
Время зарядки: 10 мин
Радиус действия: 10 м
Скорость: 7 км/ч
Питание: LiPol аккумулятор
Питание пульта: Батарейки АА 4шт.
Частота: 40 МГц
Размеры: 110х50х30 мм","Лицензионная машинка;
Пульт управления;
Антена;
Инструкция.Лицензионная машинка;
Пульт управления;
Антена;
Инструкция.",Батарейки АА 4шт.,"Размеры упаковки: 14x14x8 см
Вес с упаковкой: 0,31 кг
Количество в коробке: 48 шт.
Объём коробки: 0,145 метры куб.Размеры упаковки: 14x14x8 см
Вес с упаковкой: 0,31 кг
Количество в коробке: 48 шт.
Объём коробки: 0,145 метры куб.",,SQW8004-LP560_*.jpg,https://www.youtube.com/watch?v=JfMRILNW-nM,100
SQW8004-LP560y,Жёлтый,ShenQiWei,Игрушка,Машинка микро р/у 1:43 лиценз. Lamborghini LP560 (желтый),"Лицензионные копии популярных моделей машин;
Быстрая зарядка от пульта управления;
2 частоты управления;
Ускорение;
Светящиеся фарыЛицензионные копии популярных моделей машин;
Быстрая зарядка от пульта управления;
2 частоты управления;
Ускорение;
Светящиеся фары","Рекомендуемый возраст: 3+
Масштаб: 1/43
Время работы: 10-15 мин
Время зарядки: 10 мин
Радиус действия: 10 м
Скорость: 7 км/ч
Питание: LiPol аккумулятор
Питание пульта: Батарейки АА 4шт.
Частота: 40 МГц
Размеры: 110х50х30 ммРекомендуемый возраст: 3+
Масштаб: 1/43
Время работы: 10-15 мин
Время зарядки: 10 мин
Радиус действия: 10 м
Скорость: 7 км/ч
Питание: LiPol аккумулятор
Питание пульта: Батарейки АА 4шт.
Частота: 40 МГц
Размеры: 110х50х30 мм","Лицензионная машинка;
Пульт управления;
Антена;
Инструкция.Лицензионная машинка;
Пульт управления;
Антена;
Инструкция.",Батарейки АА 4шт.,"Размеры упаковки: 14x14x8 см
Вес с упаковкой: 0,31 кг
Количество в коробке: 48 шт.
Объём коробки: 0,145 метры куб.Размеры упаковки: 14x14x8 см
Вес с упаковкой: 0,31 кг
Количество в коробке: 48 шт.
Объём коробки: 0,145 метры куб.",,SQW8004-LP560_*.jpg,https://www.youtube.com/watch?v=JfMRILNW-nM,100
SQW8004-LP670b,Черный,ShenQiWei,Игрушка,Машинка микро р/у 1:43 лиценз. Lamborghini LP670 (черный),"Лицензионные копии популярных моделей машин;
Быстрая зарядка от пульта управления;
2 частоты управления;
Ускорение;
Светящиеся фарыЛицензионные копии популярных моделей машин;
Быстрая зарядка от пульта управления;
2 частоты управления;
Ускорение;
Светящиеся фары","Рекомендуемый возраст: 3+
Масштаб: 1/43
Время работы: 10-15 мин
Время зарядки: 10 мин
Радиус действия: 10 м
Скорость: 7 км/ч
Питание: LiPol аккумулятор
Питание пульта: Батарейки АА 4шт.
Частота: 40 МГц
Размеры: 110х50х30 ммРекомендуемый возраст: 3+
Масштаб: 1/43
Время работы: 10-15 мин
Время зарядки: 10 мин
Радиус действия: 10 м
Скорость: 7 км/ч
Питание: LiPol аккумулятор
Питание пульта: Батарейки АА 4шт.
Частота: 40 МГц
Размеры: 110х50х30 мм","Лицензионная машинка;
Пульт управления;
Антена;
Инструкция.Лицензионная машинка;
Пульт управления;
Антена;
Инструкция.",Батарейки АА 4шт.,"Размеры упаковки: 14x14x8 см
Вес с упаковкой: 0,31 кг
Количество в коробке: 48 шт.
Объём коробки: 0,145 метры куб.Размеры упаковки: 14x14x8 см
Вес с упаковкой: 0,31 кг
Количество в коробке: 48 шт.
Объём коробки: 0,145 метры куб.",,SQW8004-LP670_*.jpg,https://www.youtube.com/watch?v=JfMRILNW-nM,100
SQW8004-LP670y,Оранжевый,ShenQiWei,Игрушка,Машинка микро р/у 1:43 лиценз. Lamborghini LP670 (оранжевый),"Лицензионные копии популярных моделей машин;
Быстрая зарядка от пульта управления;
2 частоты управления;
Ускорение;
Светящиеся фарыЛицензионные копии популярных моделей машин;
Быстрая зарядка от пульта управления;
2 частоты управления;
Ускорение;
Светящиеся фары","Рекомендуемый возраст: 3+
Масштаб: 1/43
Время работы: 10-15 мин
Время зарядки: 10 мин
Радиус действия: 10 м
Скорость: 7 км/ч
Питание: LiPol аккумулятор
Питание пульта: Батарейки АА 4шт.
Частота: 40 МГц
Размеры: 110х50х30 ммРекомендуемый возраст: 3+
Масштаб: 1/43
Время работы: 10-15 мин
Время зарядки: 10 мин
Радиус действия: 10 м
Скорость: 7 км/ч
Питание: LiPol аккумулятор
Питание пульта: Батарейки АА 4шт.
Частота: 40 МГц
Размеры: 110х50х30 мм","Лицензионная машинка;
Пульт управления;
Антена;
Инструкция.Лицензионная машинка;
Пульт управления;
Антена;
Инструкция.",Батарейки АА 4шт.,"Размеры упаковки: 14x14x8 см
Вес с упаковкой: 0,31 кг
Количество в коробке: 48 шт.
Объём коробки: 0,145 метры куб.Размеры упаковки: 14x14x8 см
Вес с упаковкой: 0,31 кг
Количество в коробке: 48 шт.
Объём коробки: 0,145 метры куб.",,SQW8004-LP670_*.jpg,https://www.youtube.com/watch?v=JfMRILNW-nM,100
SQW8004-X6b,Черный,ShenQiWei,Игрушка,Машинка микро р/у 1:43 лиценз. BMW X6 (черный),"Лицензионные копии популярных моделей машин;
Быстрая зарядка от пульта управления;
2 частоты управления;
Ускорение;
Светящиеся фарыЛицензионные копии популярных моделей машин;
Быстрая зарядка от пульта управления;
2 частоты управления;
Ускорение;
Светящиеся фары","Рекомендуемый возраст: 3+
Масштаб: 1/43
Время работы: 10-15 мин
Время зарядки: 10 мин
Радиус действия: 10 м
Скорость: 7 км/ч
Питание: LiPol аккумулятор
Питание пульта: Батарейки АА 4шт.
Частота: 27, 40 МГц
Размеры: 110х50х30 ммРекомендуемый возраст: 3+
Масштаб: 1/43
Время работы: 10-15 мин
Время зарядки: 10 мин
Радиус действия: 10 м
Скорость: 7 км/ч
Питание: LiPol аккумулятор
Питание пульта: Батарейки АА 4шт.
Частота: 27, 40 МГц
Размеры: 110х50х30 мм","Лицензионная машинка;
Пульт управления;
Антена;
Инструкция.Лицензионная машинка;
Пульт управления;
Антена;
Инструкция.",Батарейки АА 4шт.,"Размеры упаковки: 14x14x8 см
Вес с упаковкой: 0,31 кг
Количество в коробке: 48 шт.
Объём коробки: 0,145 метры куб.Размеры упаковки: 14x14x8 см
Вес с упаковкой: 0,31 кг
Количество в коробке: 48 шт.
Объём коробки: 0,145 метры куб.",,SQW8004-X6_*.jpg,https://www.youtube.com/watch?v=JfMRILNW-nM,100
SQW8004-X6w,Белый,ShenQiWei,Игрушка,Машинка микро р/у 1:43 лиценз. BMW X6 (белый),"Лицензионные копии популярных моделей машин;
Быстрая зарядка от пульта управления;
2 частоты управления;
Ускорение;
Светящиеся фарыЛицензионные копии популярных моделей машин;
Быстрая зарядка от пульта управления;
2 частоты управления;
Ускорение;
Светящиеся фары","Рекомендуемый возраст: 3+
Масштаб: 1/43
Время работы: 10-15 мин
Время зарядки: 10 мин
Радиус действия: 10 м
Скорость: 7 км/ч
Питание: LiPol аккумулятор
Питание пульта: Батарейки АА 4шт.
Частота: 27, 40 МГц
Размеры: 110х50х30 ммРекомендуемый возраст: 3+
Масштаб: 1/43
Время работы: 10-15 мин
Время зарядки: 10 мин
Радиус действия: 10 м
Скорость: 7 км/ч
Питание: LiPol аккумулятор
Питание пульта: Батарейки АА 4шт.
Частота: 27, 40 МГц
Размеры: 110х50х30 мм","Лицензионная машинка;
Пульт управления;
Антена;
Инструкция.Лицензионная машинка;
Пульт управления;
Антена;
Инструкция.",Батарейки АА 4шт.,"Размеры упаковки: 14x14x8 см
Вес с упаковкой: 0,31 кг
Количество в коробке: 48 шт.
Объём коробки: 0,145 метры куб.Размеры упаковки: 14x14x8 см
Вес с упаковкой: 0,31 кг
Количество в коробке: 48 шт.
Объём коробки: 0,145 метры куб.",,SQW8004-X6_*.jpg,https://www.youtube.com/watch?v=JfMRILNW-nM,100
WL-2019blk,Черный,WL Toys,Игрушка,Машинка микро р/у 1:32 WL Toys Speed Racing скоростная (черный),"Пропорциональное управление;
Возможность ручного выбора скорости;
2 частоты управления 27MHz и 49MHz;
Быстрая зарядка 30-40 минут от USB;
Высокая скорость до 30км/час;
Высокая проходимость.Пропорциональное управление;
Возможность ручного выбора скорости;
2 частоты управления 27MHz и 49MHz;
Быстрая зарядка 30-40 минут от USB;
Высокая скорость до 30км/час;
Высокая проходимость.","Рекомендуемый возраст: 5+
Масштаб: 1/32
Время работы: 10-15 мин
Время зарядки: 30 мин
Радиус действия: 30 м
Скорость: 25 км/ч
Питание: LiPol аккумулятор
Питание пульта: Батарейки AA 6шт.
Управление поворотами: дискретное
Управление скоростью: пропорциональное
Частота: 2,4 ГГц
Размеры: 110х70х50 ммРекомендуемый возраст: 5+
Масштаб: 1/32
Время работы: 10-15 мин
Время зарядки: 30 мин
Радиус действия: 30 м
Скорость: 25 км/ч
Питание: LiPol аккумулятор
Питание пульта: Батарейки AA 6шт.
Управление поворотами: дискретное
Управление скоростью: пропорциональное
Частота: 2,4 ГГц
Размеры: 110х70х50 мм","Машинка Speed Racing;
Пульт управления;
Антена;
Конуса;
Зарядное утройство от usb;
Защита от переворотов.Машинка Speed Racing;
Пульт управления;
Антена;
Конуса;
Зарядное утройство от usb;
Защита от переворотов.",Батарейки AA 6шт.,"Размеры упаковки: 24,5x15x14,5 см
Вес с упаковкой: 0,58 кг
Количество в коробке: 24 шт.
Объём коробки: 0,176 метры куб.Размеры упаковки: 24,5x15x14,5 см
Вес с упаковкой: 0,58 кг
Количество в коробке: 24 шт.
Объём коробки: 0,176 метры куб.",,WL-2019blk_*.jpg,"https://www.youtube.com/watch?v=PklJrivECX8
https://www.youtube.com/watch?v=YSEokBu9m1Ahttps://www.youtube.com/watch?v=PklJrivECX8
https://www.youtube.com/watch?v=YSEokBu9m1A",100
WL-2019blu,Синий,WL Toys,Игрушка,Машинка микро р/у 1:32 WL Toys Speed Racing скоростная (синий),"Пропорциональное управление;
Возможность ручного выбора скорости;
2 частоты управления 27MHz и 49MHz;
Быстрая зарядка 30-40 минут от USB;
Высокая скорость до 30км/час;
Высокая проходимость.Пропорциональное управление;
Возможность ручного выбора скорости;
2 частоты управления 27MHz и 49MHz;
Быстрая зарядка 30-40 минут от USB;
Высокая скорость до 30км/час;
Высокая проходимость.","Рекомендуемый возраст: 5+
Масштаб: 1/32
Время работы: 10-15 мин
Время зарядки: 30 мин
Радиус действия: 30 м
Скорость: 25 км/ч
Питание: LiPol аккумулятор
Питание пульта: Батарейки AA 6шт.
Управление поворотами: дискретное
Управление скоростью: пропорциональное
Частота: 2,4 ГГц
Размеры: 110х70х50 ммРекомендуемый возраст: 5+
Масштаб: 1/32
Время работы: 10-15 мин
Время зарядки: 30 мин
Радиус действия: 30 м
Скорость: 25 км/ч
Питание: LiPol аккумулятор
Питание пульта: Батарейки AA 6шт.
Управление поворотами: дискретное
Управление скоростью: пропорциональное
Частота: 2,4 ГГц
Размеры: 110х70х50 мм","Машинка Speed Racing;
Пульт управления;
Антена;
Конуса;
Зарядное утройство от usb;
Защита от переворотов.Машинка Speed Racing;
Пульт управления;
Антена;
Конуса;
Зарядное утройство от usb;
Защита от переворотов.",Батарейки AA 6шт.,"Размеры упаковки: 24,5x15x14,5 см
Вес с упаковкой: 0,58 кг
Количество в коробке: 24 шт.
Объём коробки: 0,176 метры куб.Размеры упаковки: 24,5x15x14,5 см
Вес с упаковкой: 0,58 кг
Количество в коробке: 24 шт.
Объём коробки: 0,176 метры куб.",,WL-2019blu_*.jpg,"https://www.youtube.com/watch?v=PklJrivECX8
https://www.youtube.com/watch?v=YSEokBu9m1Ahttps://www.youtube.com/watch?v=PklJrivECX8
https://www.youtube.com/watch?v=YSEokBu9m1A",100
WL-2019red,Красный,WL Toys,Игрушка,Машинка микро р/у 1:32 WL Toys Speed Racing скоростная (красный),"Пропорциональное управление;
Возможность ручного выбора скорости;
2 частоты управления 27MHz и 49MHz;
Быстрая зарядка 30-40 минут от USB;
Высокая скорость до 30км/час;
Высокая проходимость.Пропорциональное управление;
Возможность ручного выбора скорости;
2 частоты управления 27MHz и 49MHz;
Быстрая зарядка 30-40 минут от USB;
Высокая скорость до 30км/час;
Высокая проходимость.","Рекомендуемый возраст: 5+
Масштаб: 1/32
Время работы: 10-15 мин
Время зарядки: 30 мин
Радиус действия: 30 м
Скорость: 25 км/ч
Питание: LiPol аккумулятор
Питание пульта: Батарейки AA 6шт.
Управление поворотами: дискретное
Управление скоростью: пропорциональное
Частота: 2,4 ГГц
Размеры: 110х70х50 ммРекомендуемый возраст: 5+
Масштаб: 1/32
Время работы: 10-15 мин
Время зарядки: 30 мин
Радиус действия: 30 м
Скорость: 25 км/ч
Питание: LiPol аккумулятор
Питание пульта: Батарейки AA 6шт.
Управление поворотами: дискретное
Управление скоростью: пропорциональное
Частота: 2,4 ГГц
Размеры: 110х70х50 мм","Машинка Speed Racing;
Пульт управления;
Антена;
Конуса;
Зарядное утройство от usb;
Защита от переворотов.Машинка Speed Racing;
Пульт управления;
Антена;
Конуса;
Зарядное утройство от usb;
Защита от переворотов.",Батарейки AA 6шт.,"Размеры упаковки: 24,5x15x14,5 см
Вес с упаковкой: 0,58 кг
Количество в коробке: 24 шт.
Объём коробки: 0,176 метры куб.Размеры упаковки: 24,5x15x14,5 см
Вес с упаковкой: 0,58 кг
Количество в коробке: 24 шт.
Объём коробки: 0,176 метры куб.",,WL-2019red_*.jpg,"https://www.youtube.com/watch?v=PklJrivECX8
https://www.youtube.com/watch?v=YSEokBu9m1Ahttps://www.youtube.com/watch?v=PklJrivECX8
https://www.youtube.com/watch?v=YSEokBu9m1A",100
WL-2308b,Сине-зеленый,WL Toys,Игрушка,Машинка микро р/у 1:32 WL Toys 2308 Double-faced двусторонняя (синий),"Две скорости;
Скорость до 20-25 Км/час;
Двусторонняя;
Яркая подсветка.Две скорости;
Скорость до 20-25 Км/час;
Двусторонняя;
Яркая подсветка.","Рекомендуемый возраст: 5+
Масштаб: 1/32
Время работы: 10-15 мин
Время зарядки: 40 мин
Радиус действия: 10 м
Скорость: 7 км/ч
Питание: LiPol аккумулятор
Питание пульта: Батарейки АА 4шт.
Частота: 35 МГц
Размеры: 113х86х37 ммРекомендуемый возраст: 5+
Масштаб: 1/32
Время работы: 10-15 мин
Время зарядки: 40 мин
Радиус действия: 10 м
Скорость: 7 км/ч
Питание: LiPol аккумулятор
Питание пульта: Батарейки АА 4шт.
Частота: 35 МГц
Размеры: 113х86х37 мм","Машинка WL-2308;
Пульт управления;
Зарядное устройство от USB;
Антенна;
Инструкция.Машинка WL-2308;
Пульт управления;
Зарядное устройство от USB;
Антенна;
Инструкция.",Батарейки АА 4шт.,"Размеры упаковки: 22x13x24 см
Вес с упаковкой: 0,69 кг
Количество в коробке: 24 шт.
Объём коробки: 0,22 метры куб.Размеры упаковки: 22x13x24 см
Вес с упаковкой: 0,69 кг
Количество в коробке: 24 шт.
Объём коробки: 0,22 метры куб.",,WL-2308b_*.jpg,http://www.youtube.com/watch?v=28TOjqxidHg,100
WL-2308r,Красно-желтый,WL Toys,Игрушка,Машинка микро р/у 1:32 WL Toys 2308 Double-faced двусторонняя (красный),"Две скорости;
Скорость до 20-25 Км/час;
Двусторонняя;
Яркая подсветка.","Рекомендуемый возраст: 5+
Масштаб: 1/32
Время работы: 10-15 мин
Время зарядки: 40 мин
Радиус действия: 10 м
Скорость: 7 км/ч
Питание: LiPol аккумулятор
Питание пульта: Батарейки АА 4шт.
Частота: 35 МГц
Размеры: 113х86х37 мм","Машинка WL-2308;
Пульт управления;
Зарядное устройство от USB;
Антенна;
Инструкция.",Батарейки АА 4шт.,"Размеры упаковки: 22x13x24 см
Вес с упаковкой: 0,69 кг
Количество в коробке: 24 шт.
Объём коробки: 0,22 метры куб.",,WL-2308r_*.jpg,http://www.youtube.com/watch?v=28TOjqxidHg,100
