,,,,
,,,,
,,,,
Name product,Price,Description,Category Product,Brend
Радиоуправление E-flite MLP6DSM 6 каналов DSM2/DSMX 2.4 ГГц без приемника (EFLRMLP6),"1 590,00",EFLRMLP6,FPV Передатчики и приемники,E-flite
Радиоуправление Fei Lun (FC079-15-1),"190,00",FC079-15-1,FPV Передатчики и приемники,Fei Lun
Радиоуправление Fei Lun (FC079-15),"190,00",FC079-15,FPV Передатчики и приемники,Fei Lun
Hubsan Модуль передающий FPV 5.8 ГГц (H101-D22),"1 090,00",H101-D22,FPV Передатчики и приемники,Hubsan
Радиоуправление Hubsan X4 H107D 6 каналов 2.4 ГГц FPV 5.8 ГГц без приемника (H107D-A05),"3 590,00",H107D-A05,FPV Передатчики и приемники,Hubsan
Автомобиль Acme Racing Bullet Brushless Buggy 1:10 RTR 390 мм 4WD 2.4 ГГц (A2011T-V3),"3 290,00",A2011T-V3,Автомобили,ACME Racing
Автомобиль Vaterra Twin Hammers 1.9 Rock Racer 1:10 RTR 457 мм 4WD 2.4 ГГц (VTR03013),"12 690,00",VTR03013,Автомобили,Vaterra
Корпус Fei Lun Super Speed Mini RTR (FC079-2-1),"79,00",FC079-2-1,Автомобильные корпуса и кузова,Fei Lun
Корпус Fei Lun Super Speed Mini RTR (FC079-2),"79,00",FC079-2,Автомобильные корпуса и кузова,Fei Lun
Корпус автомобиля WLToys (L939-01R),"190,00",L939-01R,Автомобильные корпуса и кузова,WL Toys
Аккумулятор Blade Chroma Li-PO 11.1 В 6300 мАч (BLH8619),"3 790,00",BLH8619,Аккумуляторы,Blade
Аккумулятор Yuneec Typhoon Q500 4K G Li-Po 11.1 В 5400 мАч 3S (YUNQ4K130),"4 090,00",YUNQ4K130,Аккумуляторы,Yuneec
Усилитель сигнала IT ELITE DBS Extender (ITE-DBS01 VER.2 RPSMA),"4 090,00",ITE-DBS01 VER.2 RPSMA,Антенны,IT ELITE
Антенна радиоуправления Spektrum DX8 / DX7s (SPM6831),"390,00",SPM6831,Антенны,Spektrum
Блок питания ZTD-1250 AC-DC 12 B 5 A 110-240 В 60 Вт (1ZTD-1250(12V5A)),"590,00",ZTD-1250 (12V5A),Блоки питания,Ataba
Блок питания Hobby King AC-DC 15 B 5 A 110-240 В 75 Вт с сетевым кабелем (11758),"490,00",11758,Блоки питания,Hobby King
Блок питания Nine Egales 6 В 2000 мА (NE480322),"290,00",NE480322,Блоки питания,Nine Eagles
Блок питания Ataba AC-DC 12 B 5 A 110-240 В 60 Вт (1205N60S),"390,00",1205N60S,Блоки питания,Po8er
Блок питания Po8er DC 14 В 25 А 350 Вт с индикацией параметров (AD350),"1 690,00",AD350,Блоки питания,Po8er
Блок питания Turnigy AC-DC 13-18 В 60 A 110-220 Вт (9052000002-2),"4 890,00",9052000002-2,Блоки питания,Turnigy
Блок питания Yuneec 12 В 5 А 100-240 В (YS06-120500D),"390,00",YS06-120500D,Блоки питания,Yuneec
Вертолет Thunder Tiger Raptor 90 G4 E720 EP KIT (4790-K10),"10 690,00",4790-K10,Вертолеты,Thunder Tiger
Вертолет Thunder Tiger Raptor 90 G4 Nitro KIT 1584 мм (4893-K10),"11 390,00",4893-K10,Вертолеты,Thunder Tiger
Вертолет Thunder Tiger Titan X50 Nitro 3D KIT (4856-K10),"6 090,00",4856-K10,Вертолеты,Thunder Tiger
Вертолет ZT Model Sky Spy RTF 570 мм 2.4 ГГц FPV 5.8 ГГц (SKY-448752),"2 990,00",SKY-448752,Вертолеты,ZT Model
Видеокамера Traxxas LaTrax Alias HD 720P 12MP 60FPS (6660),"1 290,00",6660,Видеокамеры,Traxxas
Объектив широкоугольный 120° для камеры Traxxas LaTrax Alias (6661),"690,00",6661,Видеокамеры,Traxxas
Thunder Tiger Гироскоп Ace RC TG6000 & Сервопривод C0915 (8073),"1 890,00",8073,Гироскопы,Thunder Tiger
Thunder Tiger Гироскоп TG6000 (8072),"690,00",8072,Гироскопы,Thunder Tiger
Thunder Tiger Гироскоп TG7000 (8070),"990,00",8070,Гироскопы,Thunder Tiger
Двигатель ACME Racing бесколлекторный 1845KV (ARB1109),"1 590,00",ARB1109,Двигатели,ACME Racing
Двигатель задний XLH (9109/9112-04),"190,00",9109/9112-04,Двигатели,XLH
Двигатель передний XLH (9109/9112-03),"59,00",9109/9112-03,Двигатели,XLH
Двигатель бесколлекторный Yuneec Q500 вращение по часовой (YUNQ500114A),"1 190,00",YUNQ500114A,Двигатели,Yuneec
Двигатель бесколлекторный Yuneec Q500 вращение против часовой (YUNQ500114B),"1 190,00",YUNQ500114B,Двигатели,Yuneec
Nine Eagles Лопасти основного ротора Solo Pro 228/228P,"190,00",NE402328028A,Запчасти,
Nine Eagles Лопасти хвостовые Solo Pro 228/228P/230 (2 шт.),"190,00",NE402228030A,Запчасти,
Качалка сервопривода HPI Racing SFL-10 / 11 (HPI87280),"290,00",HPI87280,Запчасти,
Демфер подвеса камеры Yuneec CGO2-GB (YUNCGO2GB101),"290,00",YUNCGO2GB101,Запчасти,Yuneec
Шасси квадрокоптера Yuneec Q500 (YUNQ500117),"490,00",YUNQ500117,Запчасти,Yuneec
Зарядное устройство E-flite Celectra Li-Po 3.7 В 1C 300 мАч (EFLC1105),"2 190,00",EFLC1105A,Зарядные устройства,E-flite
Зарядное устройство E-flite Li-Po 15 В (EFLC3016),"1 190,00",EFLC3016,Зарядные устройства,E-flite
Зарядное устройство E-flite USB 1S Li-Po 300 мАч (EFLC1008),"290,00",EFLC1008,Зарядные устройства,E-flite
Зарядное устройство E-flite USB Li-Po 500 мАч 1S (EFLC1010),"390,00",EFLC1010,Зарядные устройства,E-flite
Зарядное устройство E-flite USB Li-Po 500 мАч 1S (EFLC1013),"490,00",EFLC1013,Зарядные устройства,E-flite
Зарядное устройство Fei Lun (FC079-14),"190,00",FC079-14,Зарядные устройства,Fei Lun
Зарядное устройство FMS Li-Po 2-3S 1А (FO204),"590,00",FO204,Зарядные устройства,FMS
Зарядное устройство HobbyZone Faze USB (HBZ8302),"190,00",HBZ8302,Зарядные устройства,HobbyZone
Зарядное устройство HSP Racing для Ni-MH/Ni-Cd аккумуляторов (61029),"390,00",61029,Зарядные устройства,HSP Racing
Зарядное устройство Hubsan USB (H107-A06),"79,00",H107-A06,Зарядные устройства,Hubsan
Зарядное устройство Nine Eagles Li-Po 1S (NE412328003A),"590,00",NE412328003A,Зарядные устройства,Nine Eagles
Зарядное устройство Nine Eagles Li-Po 3.7 В 1.8 А (NE480315),"290,00",NE480315,Зарядные устройства,Nine Eagles
Зарядное устройство с балансиром Nine Eagles Li-Po 7.4 В 600 мА 2C (NE4912001),"390,00",NE4912001,Зарядные устройства,Nine Eagles
Зарядное устройство с балансиром Nine Eagles Sky Climber Li-ion 11.1 В 1.5 А (NE412962001A) ,"690,00",NE412962001A,Зарядные устройства,Nine Eagles
Зарядное устройсво Parrot Bebop Sky Controller (PF070082AA),"1 890,00",PF070082AA,Зарядные устройства,Parrot
Зарядное устройство Parrot AR.Drone 2.0 AC 110-240 В 0.9 A 12.2 Вт (PF070037AB),"1 090,00",PF070037AB,Зарядные устройства,Parrot
Зарядное устройство 220В 1.5 А USB (Charger USB 220V),"59,00",Charger USB 220V,Зарядные устройства,Po8er
Зарядное устройство Po8er 220 В 2 A USB (U90EWE),"190,00",U90EWE,Зарядные устройства,Po8er
Зарядное устройство Po8er B3AC Li-Po / Li-Fe 1.5 A 2-3 S (B3AC),"390,00",B3AC,Зарядные устройства,Po8er
Зарядное устройство Po8er B610A 11-18 В 10 А 200 Вт (B610A),"1 590,00",10A/200W (B610A),Зарядные устройства,Po8er
Зарядное устройство Pro Boat React 9 (PRB18008),"290,00",PRB18008,Зарядные устройства,Pro Boat
Зарядное устройство RC PLUS I-Power 8150 DC 11-18 В 10 А 150 Вт (RC-CHA-120),"1 590,00",RC-CHA-120,Зарядные устройства,RC Plus
Зарядное устройство Revolectrix Cellpro 10XP DC 10-32 В 15 A 600 Вт (LC10S15ADC-MC),"5 390,00",LC10S15ADC-MC,Зарядные устройства,Revolectrix
Зарядное устройство Revolectrix Cellpro Dual PowerLab 8x2 EC5 DC 10-48 В 40 A 2688 Вт (LC08S40ADIC-MC),"11 390,00",LC08S40ADIC-MC,Зарядные устройства,Revolectrix
Зарядное устройство Revolectrix Cellpro PowerLab 6 EC5 DC 10-32 В 40 A 1000 Вт (LC06S40A-EC5-MC),"5 890,00",LC06S40A-EC5-MC,Зарядные устройства,Revolectrix
Зарядное устройство Revolectrix Cellpro PowerLab 8 v2 EC5 DC 10-32 В 40 A 1344 Вт (LC08S40A-EC5-MC),"7 890,00",LC08S40A-EC5-MC,Зарядные устройства,Revolectrix
Зарядное устройство Revolectrix GT500 EC5 DC 10-32 В 20 A 500 Вт (LCGT500-EC5-MC),"4 890,00",LCGT500-EC5-MC,Зарядные устройства,Revolectrix
Зарядное устройство Thunder Tiger ACE RC AC 110-240 В Li-Po 1.9 A 2-3 S (2536-E),"690,00",2536-E,Зарядные устройства,Thunder Tiger
Зарядное устройство Thunder Tiger Ni-MH / Ni-CD AC 110-220 В / DC 8.5 В 2 A (AT6117),"590,00",AT6117,Зарядные устройства,Thunder Tiger
Зарядное устройство Traxxas EZ-Peak Plus AC 100-240 В 4 А 40 Вт (2970G),"1 690,00",2970G,Зарядные устройства,Traxxas
Зарядное устройство Traxxas LaTrax Alias USB 1S Li-Po 3.7 В двухканальное (6638),"390,00",6638,Зарядные устройства,Traxxas
Зарядное устройство Turnigy Accucell 6 DC 11-17 B 6 A 50 Вт (Accucell 6),"890,00",Accucell 6,Зарядные устройства,Turnigy
Зарядное устройство Turnigy Accucell 6 DC 11-17 B 6 A 50 Вт 220 В (Accucell 6 220V),"1 190,00",Accucell 6 220V,Зарядные устройства,Turnigy
Блок питания WLToys Icopter V929 (V929/V949-13),"190,00",V929/V949-13,Зарядные устройства,WL Toys
Зарядное устройство с блоком питания WLtoys UFO V262 (V262-21),"390,00",V262-21,Зарядные устройства,WL Toys
Зарядное устройство 9.6V 9109/9112 (9109/9112-06),"190,00",9109/9112-06,Зарядные устройства,XLH
Таймер времени полета Boscam,"190,00",Boscam Timer,Измерительные приборы,Boscam
Thunder Tiger Тестер аккумуляторов Innovator (AQ2282),"490,00",AQ2282,Измерительные приборы,Thunder Tiger
Thunder Tiger Угломер Raptor (3802),"690,00",3802,Измерительные приборы,Thunder Tiger
Анемометр карманный Turnigy (TR816),"590,00",TR816,Измерительные приборы,Turnigy
Индикатор заряда аккумулятора со звуковой сигнализацией Hobby King 2-8S  (BM-6810),"190,00",BM-6810,Индикаторы,Hobby King
Звуковая сигнализация разряда аккумулятора MaxPro 6S (DBM6S),"190,00",DBM6S,Индикаторы,MaxPro
"Dynamite Отвертки шестигранные 050"". 1/16"". 5/64"". 3/32"". 7/64"" (DYN2825)","390,00",DYN2825,Инструменты,Dynamite
Dynamite Отвертки шестигранные 1.5 / 2 / 2.5 / 3 / 4 мм (DYN2819),"390,00",DYN2819,Инструменты,Dynamite
Отвертка шестигранная Dynamite 0.50 (DYN2820),"79,00",DYN2820,Инструменты,Dynamite
Отвертка шестигранная Dynamite 1:16 (DYN2821),"79,00",DYN2821,Инструменты,Dynamite
Отвертка шестигранная Dynamite 2.5 мм (DYN2816),"79,00",DYN2816,Инструменты,Dynamite
Отвертка шестигранная Dynamite 3 мм (DYN2817),"79,00",DYN2817,Инструменты,Dynamite
Отвертка шестигранная Dynamite 3/32 (DYN2823),"79,00",DYN2823,Инструменты,Dynamite
Отвертка шестигранная Dynamite 5/64 (DYN2822),"79,00",DYN2822,Инструменты,Dynamite
"Dynamite Отвертка шестигранная 7/64"" (DYN2824)","79,00",DYN2824,Инструменты,LOSI
Savox Набор инструментов 12-в-1 (ST-1001),"690,00",ST-1001,Инструменты,Savox
Ключ гаечный Thunder Tiger крестовый (1116),"190,00",1116,Инструменты,Thunder Tiger
Набор инструментов Thunder Tiger Innovator (1082),"1 190,00",1082,Инструменты,Thunder Tiger
Клей Dynamite Shoe Goo прозрачный 110 мл (DYN8000),"290,00",DYN8000,Клеи. герметики. фиксаторы,Dynamite
Клей Dynamite густой быстросохнущий 30 мл (DYNK0046),"490,00",DYNK0046,Клеи. герметики. фиксаторы,Dynamite
Скотч Dynamite влагостойкий 18 м (DYNM0102),"79,00",DYNM0102,Клеи. герметики. фиксаторы,Dynamite
Скотч водонепроницаемый Pro Boat 18 м (PRB0102),"290,00",PRB0102,Клеи. герметики. фиксаторы,Pro Boat
Thunder Tiger Клей R48 (PV0760),"290,00",PV0760,Клеи. герметики. фиксаторы,Thunder Tiger
Двухстороний скотч Thunder Tiger 1.5 x 65 x 235 мм (1160/1),"39,00",1160/1,Клеи. герметики. фиксаторы,Thunder Tiger
Фиксатор резьбы Thunder Tiger T22 (PV0761),"190,00",PV0761,Клеи. герметики. фиксаторы,Thunder Tiger
Axial Шины Scorpion. XR10. SCX10 2 шт (AX12015),"1 390,00",AX12015,Колеса. Диски. Шины,Axial
Колеса задние XLH (9112-11),"190,00",9112-11,Колеса. Диски. Шины,XLH
Колеса задние XLH (9112-12),"79,00",9112-12,Колеса. Диски. Шины,XLH
Колесо управляющее XLH (9109/9112-08),"59,00",9109/9112-08,Колеса. Диски. Шины,XLH
Летающее крыло Thunder Tiger Velocity II RTF 813 мм 2.4 ГГц (4345-K21),"3 690,00",4345-K21,Летающие крылья,Thunder Tiger
Blade Лопасти главного ротора Nano CP X (BLH3310),"390,00",BLH3310,Лопасти и пропеллеры,Blade
Пропеллеры Blade 180 QX противоположные (BLH7405),"190,00",BLH7405,Лопасти и пропеллеры,Blade
Пропеллеры Blade 180 QX противоположные (BLH7406),"190,00",BLH7406,Лопасти и пропеллеры,Blade
Пропеллеры Blade 350 QX противоположные (BLH7820B),"290,00",BLH7820B,Лопасти и пропеллеры,Blade
Пропеллеры Blade 350 QX противоположные (BLH7821B),"290,00",BLH7821B,Лопасти и пропеллеры,Blade
Пропеллеры Blade Chroma (BLH8608),"590,00",BLH8608,Лопасти и пропеллеры,Blade
Пропеллеры Blade Glimpse 4 шт (BLH2206),"290,00",BLH2206,Лопасти и пропеллеры,Blade
Пропеллеры Blade Nano QX 3D 4 шт (BLH7105),"290,00",BLH7105,Лопасти и пропеллеры,Blade
Пропеллеры Blade Nano QX FPV вращение по часовой (BLH7203),"99,00",BLH7203,Лопасти и пропеллеры,Blade
Пропеллеры Blade Nano QX FPV вращение по часовой (BLH7205),"99,00",BLH7205,Лопасти и пропеллеры,Blade
Пропеллеры Blade Nano QX FPV вращение против часовой (BLH7202),"99,00",BLH7202,Лопасти и пропеллеры,Blade
Пропеллеры Blade Nano QX FPV вращение против часовой (BLH7204),"99,00",BLH7204,Лопасти и пропеллеры,Blade
Пропеллеры Blade Nano QX вращение по часовой (BLH7620),"99,00",BLH7620,Лопасти и пропеллеры,Blade
Пропеллеры Blade Nano QX вращение по часовой (BLH7620G),"99,00",BLH7620G,Лопасти и пропеллеры,Blade
Пропеллеры Blade Nano QX вращение по часовой (BLH7620Y),"99,00",BLH7620Y,Лопасти и пропеллеры,Blade
Пропеллеры Blade Nano QX вращение против часовой (BLH7621),"99,00",BLH7621,Лопасти и пропеллеры,Blade
Пропеллеры Blade Nano QX вращение против часовой (BLH7621G),"99,00",BLH7621G,Лопасти и пропеллеры,Blade
Пропеллеры Blade Nano QX вращение против часовой (BLH7621Y),"99,00",BLH7621Y,Лопасти и пропеллеры,Blade
Пропеллеры Blade Pico QX 4 шт (BLH8201),"190,00",BLH8201,Лопасти и пропеллеры,Blade
Пропеллеры DJI Inspire 1 1345T быстросъемные (Part 69),"340,00",DJI Inspire 1 part 69,Лопасти и пропеллеры,DJI Innovation
Dynam Турбина импеллера самолета ME-262 DY8950 (ME262-08),"490,00",ME262-08,Лопасти и пропеллеры,Dynam
"Пропеллеры Etech 5 x 4.5"" противоположные 2 шт (ET-5045-BLK)","79,00",ET-5045-BLK,Лопасти и пропеллеры,Etech
"Пропеллеры Etech 5 x 4.5"" противоположные 2 шт (ET-5045-G)","79,00",ET-5045-G,Лопасти и пропеллеры,Etech
"Пропеллеры Etech 5 x 4.5"" противоположные 2 шт (ET-5045-R)","79,00",ET-5045-R,Лопасти и пропеллеры,Etech
FMS Пропеллер планера ASK23 FMS049 (2.3M ASK23 SO106),"390,00",2.3M ASK23 SO106,Лопасти и пропеллеры,FMS
FMS Пропеллер самолета Piper J3 FMS035 (ME-303 1.4M J3),"390,00",ME-303 1.4M J3,Лопасти и пропеллеры,FMS
FMS Пропеллер самолета Sbach 342 FMS062 (SY110),"390,00",SY110,Лопасти и пропеллеры,FMS
Пропеллеры FMS B-25 Mitchell 9 x 6.5 3x противоположные (FMSMD106),"590,00",FMSMD106,Лопасти и пропеллеры,FMS
"Hobby King Пропеллер Slow Fly 9 x 4.7"" 5 шт","290,00",OR001-00309B,Лопасти и пропеллеры,Hobby King
Пропеллеры Yuneec Typhoon Q500 4K вращение против часовой (YUNQ4K115B),"690,00",YUNQ4K115B,Лопасти и пропеллеры,Yuneec
Мотоцикл ECX Outburst 1:14 RTR 140 мм 2.4 ГГц (ECX01004T1),"1 390,00",ECX01004T1,Мотоциклы,ECX
Мотоцикл ECX Outburst 1:14 RTR 140 мм 2.4 ГГц (ECX01004T2),"1 390,00",ECX01004T2,Мотоциклы,ECX
Квадрокоптер Traxxas LaTrax Alias RTF 2.4 ГГц (6608 Orange),"4 390,00",6608 Orange,Мультикоптеры,Traxxas
Квадрокоптер Traxxas LaTrax Alias RTF 2.4 ГГц (6608 Red),"4 390,00",6608 Red,Мультикоптеры,Traxxas
Квадрокоптер WLToys Future Battleship RTF 2.4 ГГц мыльные пузыри (WL-V969),"1 990,00",WL-V969,Мультикоптеры,WL Toys
Квадрокоптер WLToys Future Battleship RTF 2.4 ГГц с водяной пушкой (WL-V979),"1 990,00",WL-V979,Мультикоптеры,WL Toys
Квадрокоптер WLToys IСopter RTF 2.4 ГГц (WL-V929 Green),"1 290,00",WL-V929 Green,Мультикоптеры,WL Toys
Гексакоптер XX Scorpion 6X RTF 2.4 ГГц (X37A),"1 590,00",X37A,Мультикоптеры,XinXun
Карбюратор HPI Racing WT-668 для двигателей Fuelie Engine (HPI15460),"1 690,00",HPI15460,Оборудование ДВС,
Стартовый набор для запуска нитро двигателя BSD Racing (B7002),"590,00",B7002,Оборудование ДВС,BSD Racing
Стартовый стол автомодельный 1:10 / 1:8 BSD Racing (B7060),"2 090,00",B7060,Оборудование ДВС,BSD Racing
Заправочная емкость HPI Racing 500 мл (HPI74115),"290,00",HPI74115,Оборудование ДВС,HPI Racing
Карбюратор HPI Racing G3.0 (HPI101277),"1 390,00",HPI101277,Оборудование ДВС,HPI Racing
Карбюратор HPI Racing Rotary F-2 5.5 мм для двигателя HPI Nitro Star G3.0 (HPI15162),"1 390,00",HPI15162,Оборудование ДВС,HPI Racing
Thunder Tiger Электростартер PRO-Start для запуска нитро-двигателей (2430),"1 290,00",2430,Оборудование ДВС,Thunder Tiger
Стартовый набор для запуска нитро двигателя Thunder Tiger (1268),"590,00",1268,Оборудование ДВС,Thunder Tiger
Стартовый стол автомодельный 1:10 / 1:8 Thunder Tiger (2409),"1 990,00",2409,Оборудование ДВС,Thunder Tiger
Топливный бак Thunder Tiger 120cc/4oz (3268),"89,00",3268,Оборудование ДВС,Thunder Tiger
Traxxas Свеча накаливания (3232X),"190,00",3232X,Оборудование ДВС,Traxxas
Наземная станция Blade Chroma ST-10+ (BLH8620),"16 490,00",BLH8620,Передатчики и комплекты,Blade
Радиоуправление Spektrum DX7 7 каналов с приемником AR8000 DSM2/DSMX 2.4 ГГц (SPM7000),"10 190,00",SPM7000,Передатчики и комплекты,Spektrum
Радиоуправление Spektrum DX9 Black Edition 9 каналов с приемником AR9020 DSM2/DSMX 2.4 ГГц в кейсе (SPM9900),"16 490,00",SPM9900,Передатчики и комплекты,Spektrum
WLtoys Пульт управления Future Battleship 2.4 ГГц V959 (V959-21),"590,00",V959-21,Передатчики и комплекты,WL Toys
Радиоуправление Xinxun 3 в 1 (X37A-2),"590,00",X37A-2,Передатчики и комплекты,XinXun
Планер Art-Tech Diamond 1000 RTF 770 мм 2.4 ГГц (AT22192),"2 590,00",AT22192,Планеры,Art-Tech
Планер Dynam Hawk Sky Brushless RTF 1370 мм 2.4 ГГц (DY8925 RTF),"4 890,00",DY8925 RTF,Планеры,Dynam
Планер FMS ASK 23 ARF 2300 мм (FMS049),"6 090,00",FMS049,Планеры,FMS
Планер FMS ASW 28 ARF 2300 мм (FMS050),"5 890,00",FMS050,Планеры,FMS
Планер FMS Red Dragonfly RTF 900 мм 2.4 ГГц (FMS064),"3 590,00",FMS064,Планеры,FMS
Планер Hubsan Spy Hawk 843 мм 2.4 ГГц RTF с автопилотом (H301-A),"2 690,00",H301-A,Планеры,Hubsan
Планер Hubsan Spy Hawk 843 мм 2.4 ГГц RTF с бортовой видеокамерой и автопилотом (H301C-A),"3 090,00",H301C-A,Планеры,Hubsan
Планер Hubsan Spy Hawk FPV RTF 1000 мм 2.4 & 5.8 ГГц с GPS и автопилотом (H301S),"11 390,00",H301S,Планеры,Hubsan
Планер Hubsan Spy Hawk RTF 843 мм 2.4 ГГц с бортовой видеокамерой (H301C),"2 790,00",H301C,Планеры,Hubsan
Планер Joysway Smart-K RTF 510 мм 2.4 ГГц (JW6106 RTF),"1 590,00",JW6106 RTF,Планеры,Joysway
Планер Sonic Modell I-Sky Glider Brushless RTF 1420 мм 2.4 ГГц (I-SKY-RTF),"2 190,00",I-SKY-RTF,Планеры,Sonic Modell
Планер Thunder Tiger eHawk 1500 Balsa KIT 1520 мм (4202),"1 390,00",4202,Планеры,Thunder Tiger
Бортовой контроллер Parrot GPS Ar. Drone 2.0 (PF070055AA),"3 490,00",PF070055AA,Полетные контроллеры,Parrot
Приемник Blade ST-10 Chroma (BLH8607),"1 590,00",BLH8607,Приемники и модули,Blade
Расширительный модуль Spektrum X-Plus8 8 каналов (SPMXP8000),"3 290,00",SPMXP8000,Приемники и модули,Spektrum
Приемник WLToys (L929/L939-19),"290,00",L929/L939-19,Приемники и модули,WL Toys
Приемник квадрокоптера Yuneec Q500 2.4 ГГц (YUNQ500107),"1 390,00",YUNQ500107,Приемники и модули,Yuneec
Blade Адаптер USB для программирования квадрокоптера 350 QX (BLH7840),"590,00",BLH7840,Разъемы и переходники,Blade
Адаптер Traxxas Female to Molex Male (3062),"190,00",3062,Разъемы и переходники,Traxxas
Адаптер питания Traxxas (6541),"190,00",6541,Разъемы и переходники,Traxxas
Регулятор ESC Art-Tech Cessna 182 30 A (AT33027),"990,00",AT33027,Регуляторы и бортовое питание,Art-Tech
Thunder Tiger Регулятор для коллекторных двигателей Veloci RS 170 А (8050),"1 590,00",8050,Регуляторы и бортовое питание,Thunder Tiger
Регулятор ESC Yuneec Typhoon Q500 Brushless задний (YUNQ500113R),"1 190,00",YUNQ500113R,Регуляторы и бортовое питание,Yuneec
Регулятор ESC Yuneec Typhoon Q500 Brushless передний (YUNQ500113F),"1 190,00",YUNQ500113F,Регуляторы и бортовое питание,Yuneec
Самолет Art-Tech F4U Corsair 200CL Brushless RTF 525 мм 2.4 ГГц (AT21451),"3 290,00",AT21451,Самолеты,Art-Tech
Самолет Hobbyzone Duet RTF 523 мм 2.4 ГГц (HBZ5300),"2 090,00",HBZ5300,Самолеты,HobbyZone
Самолет Nine Eagles CTLS RTF 476 мм 2.4 ГГц (NE250004 (NE R/C 791B),"1 390,00",NE250004 (NE R/C 791B),Самолеты,Nine Eagles
Самолет Nine Eagles Extra 300 771B RTF 445 мм 3D 2.4 ГГц в кейсе (NE30177124207 in case),"2 090,00",NE30177124207 in case,Самолеты,Nine Eagles
Гидроплан ParkZone Ultra Micro Icon A5 BNF 622 мм с приемником Spektrum AS3X 2.4 ГГц (PKZU2380),"5 590,00",PKZU2380,Самолеты,ParkZone
Самолет Sonic Modell PT-17 Stearman Brushless PNP 940 мм 2.4 ГГц (PT-17-Stearman PNP),"4 090,00",PT-17-Stearman PNP,Самолеты,Sonic Modell
Самолет Sonic Modell PT-17 Stearman RTF 940 мм 2.4 ГГц (PT-17-Stearman-RTF) ,"4 590,00",PT-17-Stearman-RTF,Самолеты,Sonic Modell
Самолет Sonic Modell Sbach 342 3D Balsa Electric KIT 993 мм 2.4 ГГц (Sbach-342-Balsa-30E),"3 590,00",Sbach-342-Balsa-30E,Самолеты,Sonic Modell
Самолет Thunder SkyZone Tiger Micro Comet SC RTF 448 мм 2.4 ГГц (4381SZ),"2 290,00",4381SZ,Самолеты,Thunder Tiger
Самолет Thunder Tiger Beaver 40 ABS KIT 1570 мм (4593-K10),"2 990,00",4593-K10,Самолеты,Thunder Tiger
Самолет Thunder Tiger Concept-X ARF 890 мм (4369-K22),"3 890,00",4369-K22,Самолеты,Thunder Tiger
Самолет Thunder Tiger Ready 40 MK3 Nitro ABS KIT 1570 мм (4591-K10),"2 290,00",4591-K10,Самолеты,Thunder Tiger
Самолет Thunder Tiger Ready 40 MK3 Nitro ABS SC RTF 1570 мм 2.4 ГГц (4591-F20M2),"9 190,00",4591-F20M2,Самолеты,Thunder Tiger
Самолет Thunder Tiger SkyZone Micro P-47 Thunderbolt SC RTF 395 мм 2.4 ГГц (4382SZ),"2 390,00",4382SZ,Самолеты,Thunder Tiger
Самолет Thunder Tiger Trainer MKIII OBL SC RTF 1550 мм 2.4 ГГц (4599-F20RM2A2),"9 190,00",4599-F20RM2A2,Самолеты,Thunder Tiger
Самолет TobyRich SmartPlane ARF (SPBL01-013),"2 290,00",SPBL01-013,Самолеты,TobyRich
Метательная модель биплана Flying Hawk Biplane (AA01402),"59,00",AA01402,Свободнолетающие модели,ZT Model
Метательная модель истребителя Thunder 4 шт. (склейка) (AA02701),"29,00",AA02701,Свободнолетающие модели,ZT Model
Метательная модель самолета Flying Hawk (AA01401),"59,00",AA01401,Свободнолетающие модели,ZT Model
Сервопривод HPI Racing SM-1 Recon 1:18 (HPI105507),"490,00",HPI105507,Сервоприводы,
Сервопривод цифровой Traxxas 3 кг/см 6 В 0.11 с/60° 19 г (2080),"790,00",2080,Сервоприводы,Traxxas
Сервопривод цифровой Traxxas 9 кг/см 6 В 0.17 с/60° 45 г (2075),"1 190,00",2075,Сервоприводы,Traxxas
Dynam Адаптеры симуляторные для авиационных пультов управления USB (DYU-1005),"290,00",DYU-1005,Симуляторы,Dynam
Симулятор полетов универсальный Dynam 6CH USB Mode 2 (DYU-1002),"690,00",DYU-1002,Симуляторы,Dynam
Thunder Tiger USB Адаптер с программным обеспечением Innovator (2708),"290,00",2708,Симуляторы,Thunder Tiger
Thunder Tiger Кабель симулятора Innovator (AT0155),"190,00",AT0155,Симуляторы,Thunder Tiger
Симулятор полетный беспроводной Yuneec (YUNSIM),"1 290,00",YUNSIM,Симуляторы,Yuneec
E-Flite Контроллер бортовых огней (EFLA600),"390,00",EFLA600,Системы освещения,E-flite
Thunder Tiger Система освещения для автомоделей 1:10 (2705),"1 590,00",2705,Системы освещения,Thunder Tiger
Катамаран Joysway Blue Mania Brushless PNP 570 мм 2.4 ГГц (JW8652 PNP),"3 090,00",JW8652 PNP,Судомодели,Joysway
Моторная яхта Thunder Tiger Atlantic RTR 744 мм 2.4 ГГц (5128-F11),"6 290,00",5128-F11,Судомодели,Thunder Tiger
Парусная яхта Thunder Tiger Victoria KIT 1086 мм (5556),"3 690,00",5556,Судомодели,Thunder Tiger
Парусный тримаран Thunder Tiger 1M Volans KIT 1480 мм (5548),"7 190,00",5548,Судомодели,Thunder Tiger
Катер Traxxas Blast RTR 603 мм 2.4 ГГц (38104-1),"5 890,00",38104-1,Судомодели,Traxxas
"Катер Traxxas Spartan Brushless 36"" RTR 1037 мм 2.4 ГГц (57076-1 Blue)","15 190,00",57076-1 Blue,Судомодели,Traxxas
"Катер Traxxas Spartan Brushless 36"" RTR 1037 мм 2.4 ГГц (57076-1 Red)","15 190,00",57076-1 Red,Судомодели,Traxxas
Танк Great Wall Toys German Tiger 1:72 RTR (GW-2117 Blue Camo),"590,00",GW-2117 Blue Camo,Танки,Great Wall Toys
Танк VSTank T-72 M1 1:24 RTR 420 мм страйкбол (A02105933),"1 990,00",A02105933,Танки,VSTank
Датчик температуры Hyperion (HP-EOSTMPSEN),"390,00",HP-EOSTMPSEN,Телеметрия,Hyperion
Hubsan Футболка (L) (H107-A13L),"190,00",H107-A13L,Товар,Hubsan
Hubsan Футболка (M) (H107-A13M),"190,00",H107-A13M,Товар,Hubsan
Hubsan Футболка (XL) (H107-A13XL),"190,00",H107-A13XL,Товар,Hubsan
Thunder Tiger Каталог товаров 2011 (1009-MC),"99,00",1009-MC,Товар,Thunder Tiger
Масло HPI Racing силиконовое для амортизаторов 50 wt 60 мл (HPI86959),"190,00",HPI86959,Топливо и ГСМ,
Смазка Traxxas силиконовая (1647),"59,00",1647,Топливо и ГСМ,Traxxas
Кейс для радиоаппаратуры Spektrum (SPM6701),"2 090,00",SPM6701,Транспортировка и хранение,Spektrum
