article|color|brand|type|shorttitle|dopolnitelno
FL-FC086b|Синий|Fei Lun|Игрушка|Багги микро р/у 2.4GHz 1:32 Fei Lun High Speed скоростная (синий)|
FL-FC086g|Зеленый|Fei Lun|Игрушка|Багги микро р/у 2.4GHz 1:32 Fei Lun High Speed скоростная (зеленый)|
FL-FC086o|Оранжевый|Fei Lun|Игрушка|Багги микро р/у 2.4GHz 1:32 Fei Lun High Speed скоростная (оранжевый)|
GWT2008D-1|Красный|Great Wall Toys|Игрушка|Джип микро р/у 1:43 Hummer (красный)|Батарейки АА 4шт.
GWT2008D-2|Серый|Great Wall Toys|Игрушка|Джип микро р/у 1:43 Hummer (серый)|Батарейки АА 4шт.
GWT2008D-3|Хаки белый|Great Wall Toys|Игрушка|Джип микро р/у 1:43 Hummer (хаки белый)|Батарейки АА 4шт.
GWT2008D-4|Белый|Great Wall Toys|Игрушка|Джип микро р/у 1:43 Hummer (белый)|Батарейки АА 4шт.
GWT2008D-5|Черный|Great Wall Toys|Игрушка|Джип микро р/у 1:43 Hummer (черный)|Батарейки АА 4шт.
GWT2008D-6|Синий|Great Wall Toys|Игрушка|Джип микро р/у 1:43 Hummer (синий)|Батарейки АА 4шт.
GWT2008D-7|Жёлтый|Great Wall Toys|Игрушка|Джип микро р/у 1:43 Hummer (желтый)|Батарейки АА 4шт.
GWT2008D-8|Хаки зеленый|Great Wall Toys|Игрушка|Джип микро р/у 1:43 Hummer (хаки зеленый)|Батарейки АА 4шт.
SQW8004-370Zb|Синий|ShenQiWei|Игрушка|Машинка микро р/у 1:43 лиценз. Nissan 370Z (синий)|Батарейки АА 4шт.
SQW8004-370Zw|Белый|ShenQiWei|Игрушка|Машинка микро р/у 1:43 лиценз. Nissan 370Z (белый)|Батарейки АА 4шт.
SQW8004-FJb|Синий|ShenQiWei|Игрушка|Машинка микро р/у 1:43 лиценз. Toyota FJ (синий)|Батарейки АА 4шт.
SQW8004-Fjy|Жёлтый|ShenQiWei|Игрушка|Машинка микро р/у 1:43 лиценз. Toyota FJ (желтый)|Батарейки АА 4шт.
SQW8004-GT500g|Серый|ShenQiWei|Игрушка|Машинка микро р/у 1:43 лиценз. Ford GT500 (серый)|Батарейки АА 4шт.
SQW8004-GT500r|Красный|ShenQiWei|Игрушка|Машинка микро р/у 1:43 лиценз. Ford GT500 (красный)|Батарейки АА 4шт.
SQW8004-GTg|Серый|ShenQiWei|Игрушка|Машинка микро р/у 1:43 лиценз. Nissan GT-R (серый)|Батарейки АА 4шт.
SQW8004-GTr|Красный|ShenQiWei|Игрушка|Машинка микро р/у 1:43 лиценз. Nissan GT-R (красный)|Батарейки АА 4шт.
SQW8004-H2r|Красный|ShenQiWei|Игрушка|Машинка микро р/у 1:43 лиценз. Hummer H2 (красный)|Батарейки АА 4шт.
SQW8004-H2y|Жёлтый|ShenQiWei|Игрушка|Машинка микро р/у 1:43 лиценз. Hummer H2 (желтый)|Батарейки АА 4шт.
SQW8004-LP560o|Оранжевый|ShenQiWei|Игрушка|Машинка микро р/у 1:43 лиценз. Lamborghini LP560 (оранжевый)|Батарейки АА 4шт.
SQW8004-LP560y|Жёлтый|ShenQiWei|Игрушка|Машинка микро р/у 1:43 лиценз. Lamborghini LP560 (желтый)|Батарейки АА 4шт.
SQW8004-LP670b|Черный|ShenQiWei|Игрушка|Машинка микро р/у 1:43 лиценз. Lamborghini LP670 (черный)|Батарейки АА 4шт.
SQW8004-LP670y|Оранжевый|ShenQiWei|Игрушка|Машинка микро р/у 1:43 лиценз. Lamborghini LP670 (оранжевый)|Батарейки АА 4шт.
SQW8004-X6b|Черный|ShenQiWei|Игрушка|Машинка микро р/у 1:43 лиценз. BMW X6 (черный)|Батарейки АА 4шт.
SQW8004-X6w|Белый|ShenQiWei|Игрушка|Машинка микро р/у 1:43 лиценз. BMW X6 (белый)|Батарейки АА 4шт.
WL-2019blk|Черный|WL Toys|Игрушка|Машинка микро р/у 1:32 WL Toys Speed Racing скоростная (черный)|Батарейки AA 6шт.
WL-2019blu|Синий|WL Toys|Игрушка|Машинка микро р/у 1:32 WL Toys Speed Racing скоростная (синий)|Батарейки AA 6шт.
WL-2019red|Красный|WL Toys|Игрушка|Машинка микро р/у 1:32 WL Toys Speed Racing скоростная (красный)|Батарейки AA 6шт.
WL-2308b|Сине-зеленый|WL Toys|Игрушка|Машинка микро р/у 1:32 WL Toys 2308 Double-faced двусторонняя (синий)|Батарейки АА 4шт.
WL-2308r|Красно-желтый|WL Toys|Игрушка|Машинка микро р/у 1:32 WL Toys 2308 Double-faced двусторонняя (красный)|Батарейки АА 4шт.
